Workbook

Sheet SPEC
A1: CALCULATION SPECIFICATION — Arrow Shaft Spine & Weight Grouping
A2: Reference document for reimplementing this analysis as a web application. Mirrors the live formulas on the ANALYSIS, GROUPS and CLUSTERS tabs. Parameter values in column D are linked, so they always show what the workbook is currently using.
A4: 1. INPUTS
A5: Parameter | B5: Symbol | C5: Source cell | D5: Current | E5: Description
A6: Spine spec floor (lb) | B6: specMin | C6: ANALYSIS!B5 | D6: =ANALYSIS!$B$5 -> 54 | E6: Lower edge of the advertised spine range. Drives the in-spec flags only — it has no effect on grouping.
A7: Spine spec ceiling (lb) | B7: specMax | C7: ANALYSIS!B6 | D7: =ANALYSIS!$B$6 -> 60 | E7: Upper edge of the advertised spine range.
A8: Max A/B spine difference (lb) | B8: abTol | C8: ANALYSIS!B7 | D8: =ANALYSIS!$B$7 -> 1 | E8: A shaft whose two spine readings differ by more than this is flagged inconsistent — a quality signal, not a grouping input.
A9: Max spine spread in a group (lb) | B9: spineTol | C9: ANALYSIS!G5 | D9: =ANALYSIS!$G$5 -> 3 | E9: Grouping tolerance. Any two members of a group must be within this on average spine.
A10: Max weight spread in a group (g) | B10: weightTol | C10: ANALYSIS!G6 | D10: =ANALYSIS!$G$6 -> 0.5 | E10: Grouping tolerance. Any two members of a group must be within this on weight.
A11: Usable group threshold | B11: minGroupSize | C11: ANALYSIS!G7 | D11: =ANALYSIS!$G$7 -> 3 | E11: Minimum members before a group counts as usable in the summary tallies. Reporting only — the algorithms impose no size cap.
A13: Raw per-shaft record | E13: batch, shaftId, spineA, spineB, weight — five fields, one row per shaft. Source data: 100 shafts across batches 19 and 20.
A15: 2. PER-SHAFT DERIVED FIELDS
A16: Field | E16: Definition
A17: avgSpine | E17: (spineA + spineB) / 2
A18: abSpread | E18: abs(spineA - spineB)
A19: inSpec | E19: specMin <= avgSpine <= specMax
A20: abConsistent | E20: abSpread <= abTol
A22: 3. QC STATISTICS
A23: Computed per batch and combined | E23: Count; min / max / mean / median / sample standard deviation of avgSpine; mean and max abSpread; count where abSpread > abTol; count inSpec; percent inSpec (= inSpec count / total); count where avgSpine < specMin; count where avgSpine > specMax.
A24: Weight statistics | E24: Count; min / max / mean / median / sample standard deviation of weight; range (= max - min).
A25: Current output | E25: 75 of 100 shafts in spec (54–60 lb); 25 below floor; 0 above ceiling; mean spine 55.22 lb; weight 21.18–26.76 g; one shaft (20-50) fails the A/B consistency check at 2.0 lb.
A27: 4. DISTRIBUTION HISTOGRAM
A28: Binning rule | E28: Fixed 1 lb bins starting at floor(min(avgSpine)). A shaft falls in bin b when b <= avgSpine < b + 1. Counted separately per batch. Independent of spineTol — this is a display aid, not part of grouping.
A30: 5. GROUPING METHOD A — FIXED GRID
A31: Implemented on | E31: GROUPS tab. Fast, deterministic overview — but see the caveat below. Do not ship this as the primary algorithm.
A32: Band assignment | E32: spineBand = floor(avgSpine / spineTol) * spineTol weightBand = floor(weight / weightTol) * weightTol groupKey = (spineBand, weightBand)
A33: Group definition | E33: A group is every shaft sharing a groupKey. Because all members sit inside one half-open band of width spineTol × weightTol, the in-group spread is guaranteed below tolerance. No size cap.
A34: Ordering | E34: Sort groups by member count descending, then by groupKey ascending as a stable tie-break.
A35: Cross-tab | E35: Count of shafts by spineBand (rows) × weightBand (columns). Row and column totals must reconcile to the shaft count.
A36: ⚠ Known flaw | E36: Band edges are arbitrary. Two shafts 0.2 g apart land in different groups if a boundary falls between them, so the method systematically under-reports the best groups. Observed case: shafts 19-28 (23.49 g), 19-35 (23.47 g) and 19-43 (23.38 g) were split away from a group whose lightest member was 23.71 g — all three are within the 0.5 g tolerance of it. The grid reported 10 shafts where the true cluster held 13–14.
A38: 6. GROUPING METHOD B — SLIDING-WINDOW GREEDY CLUSTERING
A39: Implemented on | E39: CLUSTERS tab. This is the method to build on. No fixed bands — windows slide to the data.
A40: Algorithm | E40: unassigned = all shafts clusters = [] repeat until unassigned is empty (or a round cap is reached): best = null for each shaft i in unassigned: window_i = { j in unassigned : spine_i <= avgSpine_j <= spine_i + spineTol AND weight_i <= weight_j <= weight_i + weightTol } if size(window_i) > size(best): best = window_i # ties resolve to lowest shaftId clusters.append(best) unassigned = unassigned - best
A41: Correctness guarantee | E41: Every member lies inside [anchor, anchor + tol] on both axes, so spineSpread <= spineTol and weightSpread <= weightTol hold by construction. Verified on all 15 clusters produced by the workbook.
A42: Per-cluster outputs | E42: size, minSpine, maxSpine, spineSpread, minWeight, maxWeight, weightSpread, member list, and allInSpec = (minSpine >= specMin AND maxSpine <= specMax).
A43: Spreadsheet round cap | E43: The workbook runs a fixed 15 rounds because formulas cannot loop; that placed 85 of 100 shafts, leaving 15 as 1–2 shaft remnants. In code, run to exhaustion instead — there is no reason to cap it.
A44: Current output | E44: 15 clusters. Largest holds 14 shafts (spine 55.0–57.5 lb, weight 23.85–24.35 g, fully in spec). 12 clusters have 3+ members covering 79 shafts; 7 of those are fully in spec covering 43 shafts.
A46: 7. TWO HEURISTICS TO FIX IN CODE
A47: Why they exist | E47: The spreadsheet tolerates both compromises because cell formulas cannot iterate or backtrack. A web application has no such excuse — fix both.
A48: (a) Anchoring is approximate | E48: Each candidate window is anchored at a single shaft — that shaft's spine becomes the window's spine floor AND its weight becomes the weight floor. The true optimum may need the spine floor from shaft a and the weight floor from a different shaft b, so the current search can miss the largest window.
A49: Exact replacement | E49: candidates = { (spine_a, weight_b) for all a, b in unassigned } # O(n²) windows score each candidate by its membership count # O(n³) worst case # At n = 100 that is ~10^6 operations — effectively instant.
A50: (b) Greedy is not optimal | E50: Largest-first is a heuristic, not a guarantee. Taking the biggest cluster first can destroy a better overall partition. Decide the real objective before building: 'find the single biggest matched set' and 'maximise the number of complete dozens' are different problems with different answers.
A51: If the goal is dozens | E51: Score candidate windows by floor(size / 12) first and raw size second, or run a proper set-partition / integer-programming search. At n = 100 an exact solver is entirely feasible.
A53: 8. DATA-QUALITY NOTES
A54: Two readings per shaft | E54: avgSpine is the mean of just two measurements. Real spine testers vary with shaft rotation, so two readings under-sample the true stiffness. Consider capturing three or more readings per shaft in the application and retaining the spread as a quality signal — abSpread already serves this role.
A55: Spine measurement grain | E55: Source spine values are recorded to 0.5 lb, so avgSpine falls on 0.25 lb steps. Weight is recorded to 0.01 g. Tolerances finer than these grains will produce misleading precision.
A56: Units | E56: Spine in pounds (lb), weight in grams (g). Both are carried in headers throughout the workbook; keep units explicit in any API contract.

Sheet BATCH19
A1: BATCH 19 55-60#
A2: Shaft# | B2: Spine A (lb) | C2: Spine B (lb) | D2: Weight (g)
A3: 19-01 | B3: 56 | C3: 55 | D3: 23.23
A4: 19-02 | B4: 58 | C4: 58 | D4: 24.7
A5: 19-03 | B5: 52 | C5: 52 | D5: 22.19
A6: 19-04 | B6: 55 | C6: 55 | D6: 24.03
A7: 19-05 | B7: 56 | C7: 56 | D7: 21.93
A8: 19-06 | B8: 55 | C8: 55 | D8: 23.85
A9: 19-07 | B9: 52 | C9: 52 | D9: 21.59
A10: 19-08 | B10: 53 | C10: 53 | D10: 21.54
A11: 19-09 | B11: 50 | C11: 50 | D11: 22.67
A12: 19-10 | B12: 56 | C12: 56 | D12: 24.67
A13: 19-11 | B13: 52 | C13: 52 | D13: 23.14
A14: 19-12 | B14: 58 | C14: 57 | D14: 24.3
... A52: 19-50 | B52: 56 | C52: 56 | D52: 25.15

Sheet BATCH20
A1: BATCH 20 55-60#
A2: Shaft# | B2: Spine A (lb) | C2: Spine B (lb) | D2: Weight (g)
A3: 20-01 | B3: 56 | C3: 55 | D3: 22.76
A4: 20-02 | B4: 53 | C4: 53 | D4: 23.03
A5: 20-03 | B5: 55 | C5: 55 | D5: 23.97
A6: 20-04 | B6: 58 | C6: 58 | D6: 23.56
A7: 20-05 | B7: 56 | C7: 56 | D7: 22.26
A8: 20-06 | B8: 56 | C8: 56 | D8: 22.35
A9: 20-07 | B9: 56 | C9: 56 | D9: 23.35
A10: 20-08 | B10: 57 | C10: 57 | D10: 23.73
A11: 20-09 | B11: 56 | C11: 56 | D11: 25.21
A12: 20-10 | B12: 56 | C12: 56 | D12: 24.35
A13: 20-11 | B13: 55 | C13: 55 | D13: 24.56
A14: 20-12 | B14: 55 | C14: 55 | D14: 22.45
... A18: 20-16 | B18: 55 | C18: 55 | D18: 23.71
A19: 20-17 | B19: 53 | C19: 53 | D19: 22.75 | G19: ~
A20: 20-18 | B20: 56 | C20: 56 | D20: 25.13
A21: 20-19 | B21: 58 | C21: 58 | D21: 21.8
A22: 20-20 | B22: 53 | C22: 52 | D22: 22.31
A23: 20-21 | B23: 55 | C23: 55 | D23: 23.94
A24: 20-22 | B24: 56 | C24: 56 | D24: 22.44
A25: 20-23 | B25: 55 | C25: 55 | D25: 23.82
A26: 20-24 | B26: 59 | C26: 58 | D26: 24.48
A27: 20-25 | B27: 56 | C27: 56 | D27: 24.35
A28: 20-26 | B28: 55 | C28: 55 | D28: 23.1
A29: 20-27 | B29: 56 | C29: 55 | D29: 21.5
A30: 20-28 | B30: 55 | C30: 55 | D30: 24.34
A31: 20-29 | B31: 55 | C31: 55 | D31: 25.35
... A52: 20-50 | B52: 58 | C52: 56 | D52: 24.41

Sheet CLUSTERS
A1: ="True Clusters — sliding window, "&$B$3&" lb spine / "&$B$4&" g weight" -> True Clusters — sliding window, 3 lb spine / 0.5 g weight
A2: Method: no fixed bands. Every shaft is tested as the corner of a window (spine lo → lo+tol, weight lo → lo+tol). The window holding the most shafts becomes Cluster 1; those shafts are removed and the search repeats. Clusters are therefore disjoint and found largest-first, so near-boundary shafts are no longer split off.
A3: Spine tolerance (lb) | B3: =ANALYSIS!$G$5 -> 3 | D3: Clusters with 3+ shafts | E3: =COUNTIF($B$8:$B$22,">="&ANALYSIS!$G$7) -> 12 | F3: Largest cluster | G3: =MAX($B$8:$B$22) -> 14 | H3: In-spec clusters (3+ shafts) | I3: =COUNTIFS($B$8:$B$22,">="&ANALYSIS!$G$7,$I$8:$I$22,"Yes") -> 7
A4: Weight tolerance (g) | B4: =ANALYSIS!$G$6 -> 0.5 | D4: Shafts in those clusters | E4: =SUMIF($B$8:$B$22,">="&ANALYSIS!$G$7,$B$8:$B$22) -> 79 | F4: Shafts left over (after 15 rounds) | G4: =COUNTA($A$25:$A$124)-SUM($B$8:$B$22) -> 15 | H4: Shafts in in-spec clusters | I4: =SUMIFS($B$8:$B$22,$B$8:$B$22,">="&ANALYSIS!$G$7,$I$8:$I$22,"Yes") -> 43
A6: CLUSTER SUMMARY — disjoint, largest first
A7: Cluster # | B7: Shafts | C7: Min spine | D7: Max spine | E7: Spine spread | F7: Min wt | G7: Max wt | H7: Wt spread | I7: All in spec? | J7: Members
A8: 1 | B8: =COUNTIF($D$25:$D$124,$A8) -> 14 | C8: =_xlfn.MINIFS($B$25:$B$124,$D$25:$D$124,$A8) -> 55 | D8: =_xlfn.MAXIFS($B$25:$B$124,$D$25:$D$124,$A8) -> 57.5 | E8: =D8-C8 -> 2.5 | F8: =_xlfn.MINIFS($C$25:$C$124,$D$25:$D$124,$A8) -> 23.85 | G8: =_xlfn.MAXIFS($C$25:$C$124,$D$25:$D$124,$A8) -> 24.35 | H8: =G8-F8 -> 0.5 | I8: =IF(AND(C8>=ANALYSIS!$B$5,D8<=ANALYSIS!$B$6),"Yes","No") -> Yes | J8: {=_xlfn.TEXTJOIN(", ",TRUE,IF($D$25:$D$124=$A8,$A$25:$A$124,""))} -> 19-04, 19-06, 19-12, 19-25, 19-45, 19-46, 20-03, 20-10, 20-21, 20-25, 20-28, 20-35, 20-44, 20-45
A9: =A8+1 -> 2 | B9: =COUNTIF($D$25:$D$124,$A9) -> 11 | C9: =_xlfn.MINIFS($B$25:$B$124,$D$25:$D$124,$A9) -> 53 | D9: =_xlfn.MAXIFS($B$25:$B$124,$D$25:$D$124,$A9) -> 56 | E9: =D9-C9 -> 3 | F9: =_xlfn.MINIFS($C$25:$C$124,$D$25:$D$124,$A9) -> 23.03 | G9: =_xlfn.MAXIFS($C$25:$C$124,$D$25:$D$124,$A9) -> 23.49 | H9: =G9-F9 -> 0.46 | I9: =IF(AND(C9>=ANALYSIS!$B$5,D9<=ANALYSIS!$B$6),"Yes","No") -> No | J9: {=_xlfn.TEXTJOIN(", ",TRUE,IF($D$25:$D$124=$A9,$A$25:$A$124,""))} -> 19-01, 19-14, 19-15, 19-22, 19-28, 19-35, 19-43, 20-02, 20-07, 20-14, 20-26
A10: =A9+1 -> 3 | B10: =COUNTIF($D$25:$D$124,$A10) -> 9 | C10: =_xlfn.MINIFS($B$25:$B$124,$D$25:$D$124,$A10) -> 55 | D10: =_xlfn.MAXIFS($B$25:$B$124,$D$25:$D$124,$A10) -> 57.5 | E10: =D10-C10 -> 2.5 | F10: =_xlfn.MINIFS($C$25:$C$124,$D$25:$D$124,$A10) -> 25.09 | G10: =_xlfn.MAXIFS($C$25:$C$124,$D$25:$D$124,$A10) -> 25.52 | H10: =G10-F10 -> 0.43 | I10: =IF(AND(C10>=ANALYSIS!$B$5,D10<=ANALYSIS!$B$6),"Yes","No") -> Yes | J10: {=_xlfn.TEXTJOIN(", ",TRUE,IF($D$25:$D$124=$A10,$A$25:$A$124,""))} -> 19-17, 19-23, 19-31, 19-50, 20-09, 20-13, 20-18, 20-29, 20-48
A11: =A10+1 -> 4 | B11: =COUNTIF($D$25:$D$124,$A11) -> 8 | C11: =_xlfn.MINIFS($B$25:$B$124,$D$25:$D$124,$A11) -> 53 | D11: =_xlfn.MAXIFS($B$25:$B$124,$D$25:$D$124,$A11) -> 56 | E11: =D11-C11 -> 3 | F11: =_xlfn.MINIFS($C$25:$C$124,$D$25:$D$124,$A11) -> 21.49 | G11: =_xlfn.MAXIFS($C$25:$C$124,$D$25:$D$124,$A11) -> 21.93 | H11: =G11-F11 -> 0.44 | I11: =IF(AND(C11>=ANALYSIS!$B$5,D11<=ANALYSIS!$B$6),"Yes","No") -> No | J11: {=_xlfn.TEXTJOIN(", ",TRUE,IF($D$25:$D$124=$A11,$A$25:$A$124,""))} -> 19-05, 19-08, 19-13, 19-16, 19-19, 19-44, 20-27, 20-47
A12: =A11+1 -> 5 | B12: =COUNTIF($D$25:$D$124,$A12) -> 7 | C12: =_xlfn.MINIFS($B$25:$B$124,$D$25:$D$124,$A12) -> 53 | D12: =_xlfn.MAXIFS($B$25:$B$124,$D$25:$D$124,$A12) -> 56 | E12: =D12-C12 -> 3 | F12: =_xlfn.MINIFS($C$25:$C$124,$D$25:$D$124,$A12) -> 22.06 | G12: =_xlfn.MAXIFS($C$25:$C$124,$D$25:$D$124,$A12) -> 22.5 | H12: =G12-F12 -> 0.44 | I12: =IF(AND(C12>=ANALYSIS!$B$5,D12<=ANALYSIS!$B$6),"Yes","No") -> No | J12: {=_xlfn.TEXTJOIN(", ",TRUE,IF($D$25:$D$124=$A12,$A$25:$A$124,""))} -> 19-34, 19-41, 20-05, 20-06, 20-12, 20-22, 20-31
A13: =A12+1 -> 6 | B13: =COUNTIF($D$25:$D$124,$A13) -> 6 | C13: =_xlfn.MINIFS($B$25:$B$124,$D$25:$D$124,$A13) -> 52 | D13: =_xlfn.MAXIFS($B$25:$B$124,$D$25:$D$124,$A13) -> 55 | E13: =D13-C13 -> 3 | F13: =_xlfn.MINIFS($C$25:$C$124,$D$25:$D$124,$A13) -> 23.46 | G13: =_xlfn.MAXIFS($C$25:$C$124,$D$25:$D$124,$A13) -> 23.82 | H13: =G13-F13 -> 0.36 | I13: =IF(AND(C13>=ANALYSIS!$B$5,D13<=ANALYSIS!$B$6),"Yes","No") -> No | J13: {=_xlfn.TEXTJOIN(", ",TRUE,IF($D$25:$D$124=$A13,$A$25:$A$124,""))} -> 19-38, 19-40, 20-16, 20-23, 20-33, 20-42
A14: =A13+1 -> 7 | B14: =COUNTIF($D$25:$D$124,$A14) -> 6 | C14: =_xlfn.MINIFS($B$25:$B$124,$D$25:$D$124,$A14) -> 55 | D14: =_xlfn.MAXIFS($B$25:$B$124,$D$25:$D$124,$A14) -> 58 | E14: =D14-C14 -> 3 | F14: =_xlfn.MINIFS($C$25:$C$124,$D$25:$D$124,$A14) -> 22.62 | G14: =_xlfn.MAXIFS($C$25:$C$124,$D$25:$D$124,$A14) -> 23 | H14: =G14-F14 -> 0.38 | I14: =IF(AND(C14>=ANALYSIS!$B$5,D14<=ANALYSIS!$B$6),"Yes","No") -> Yes | J14: {=_xlfn.TEXTJOIN(", ",TRUE,IF($D$25:$D$124=$A14,$A$25:$A$124,""))} -> 19-20, 19-32, 20-01, 20-30, 20-36, 20-38
A15: =A14+1 -> 8 | B15: =COUNTIF($D$25:$D$124,$A15) -> 4 | C15: =_xlfn.MINIFS($B$25:$B$124,$D$25:$D$124,$A15) -> 50 | D15: =_xlfn.MAXIFS($B$25:$B$124,$D$25:$D$124,$A15) -> 53 | E15: =D15-C15 -> 3 | F15: =_xlfn.MINIFS($C$25:$C$124,$D$25:$D$124,$A15) -> 22.67 | G15: =_xlfn.MAXIFS($C$25:$C$124,$D$25:$D$124,$A15) -> 23.14 | H15: =G15-F15 -> 0.47 | I15: =IF(AND(C15>=ANALYSIS!$B$5,D15<=ANALYSIS!$B$6),"Yes","No") -> No | J15: {=_xlfn.TEXTJOIN(", ",TRUE,IF($D$25:$D$124=$A15,$A$25:$A$124,""))} -> 19-09, 19-11, 19-48, 20-17
A16: =A15+1 -> 9 | B16: =COUNTIF($D$25:$D$124,$A16) -> 4 | C16: =_xlfn.MINIFS($B$25:$B$124,$D$25:$D$124,$A16) -> 57 | D16: =_xlfn.MAXIFS($B$25:$B$124,$D$25:$D$124,$A16) -> 58 | E16: =D16-C16 -> 1 | F16: =_xlfn.MINIFS($C$25:$C$124,$D$25:$D$124,$A16) -> 23.44 | G16: =_xlfn.MAXIFS($C$25:$C$124,$D$25:$D$124,$A16) -> 23.73 | H16: =G16-F16 -> 0.29 | I16: =IF(AND(C16>=ANALYSIS!$B$5,D16<=ANALYSIS!$B$6),"Yes","No") -> Yes | J16: {=_xlfn.TEXTJOIN(", ",TRUE,IF($D$25:$D$124=$A16,$A$25:$A$124,""))} -> 19-36, 20-04, 20-08, 20-15
A17: =A16+1 -> 10 | B17: =COUNTIF($D$25:$D$124,$A17) -> 4 | C17: =_xlfn.MINIFS($B$25:$B$124,$D$25:$D$124,$A17) -> 55 | D17: =_xlfn.MAXIFS($B$25:$B$124,$D$25:$D$124,$A17) -> 58 | E17: =D17-C17 -> 3 | F17: =_xlfn.MINIFS($C$25:$C$124,$D$25:$D$124,$A17) -> 24.56 | G17: =_xlfn.MAXIFS($C$25:$C$124,$D$25:$D$124,$A17) -> 24.94 | H17: =G17-F17 -> 0.38 | I17: =IF(AND(C17>=ANALYSIS!$B$5,D17<=ANALYSIS!$B$6),"Yes","No") -> Yes | J17: {=_xlfn.TEXTJOIN(", ",TRUE,IF($D$25:$D$124=$A17,$A$25:$A$124,""))} -> 19-02, 19-10, 19-47, 20-11
A18: =A17+1 -> 11 | B18: =COUNTIF($D$25:$D$124,$A18) -> 3 | C18: =_xlfn.MINIFS($B$25:$B$124,$D$25:$D$124,$A18) -> 56 | D18: =_xlfn.MAXIFS($B$25:$B$124,$D$25:$D$124,$A18) -> 59 | E18: =D18-C18 -> 3 | F18: =_xlfn.MINIFS($C$25:$C$124,$D$25:$D$124,$A18) -> 25.62 | G18: =_xlfn.MAXIFS($C$25:$C$124,$D$25:$D$124,$A18) -> 26.09 | H18: =G18-F18 -> 0.47 | I18: =IF(AND(C18>=ANALYSIS!$B$5,D18<=ANALYSIS!$B$6),"Yes","No") -> Yes | J18: {=_xlfn.TEXTJOIN(", ",TRUE,IF($D$25:$D$124=$A18,$A$25:$A$124,""))} -> 19-21, 19-27, 20-41
A19: =A18+1 -> 12 | B19: =COUNTIF($D$25:$D$124,$A19) -> 3 | C19: =_xlfn.MINIFS($B$25:$B$124,$D$25:$D$124,$A19) -> 57 | D19: =_xlfn.MAXIFS($B$25:$B$124,$D$25:$D$124,$A19) -> 58.5 | E19: =D19-C19 -> 1.5 | F19: =_xlfn.MINIFS($C$25:$C$124,$D$25:$D$124,$A19) -> 24.41 | G19: =_xlfn.MAXIFS($C$25:$C$124,$D$25:$D$124,$A19) -> 24.48 | H19: =G19-F19 -> 0.07 | I19: =IF(AND(C19>=ANALYSIS!$B$5,D19<=ANALYSIS!$B$6),"Yes","No") -> Yes | J19: {=_xlfn.TEXTJOIN(", ",TRUE,IF($D$25:$D$124=$A19,$A$25:$A$124,""))} -> 20-24, 20-46, 20-50
A20: =A19+1 -> 13 | B20: =COUNTIF($D$25:$D$124,$A20) -> 2 | C20: =_xlfn.MINIFS($B$25:$B$124,$D$25:$D$124,$A20) -> 52 | D20: =_xlfn.MAXIFS($B$25:$B$124,$D$25:$D$124,$A20) -> 52.5 | E20: =D20-C20 -> 0.5 | F20: =_xlfn.MINIFS($C$25:$C$124,$D$25:$D$124,$A20) -> 22.19 | G20: =_xlfn.MAXIFS($C$25:$C$124,$D$25:$D$124,$A20) -> 22.31 | H20: =G20-F20 -> 0.12 | I20: =IF(AND(C20>=ANALYSIS!$B$5,D20<=ANALYSIS!$B$6),"Yes","No") -> No | J20: {=_xlfn.TEXTJOIN(", ",TRUE,IF($D$25:$D$124=$A20,$A$25:$A$124,""))} -> 19-03, 20-20 | Q20: Round → | R20: =1 -> 1 | S20: =1 -> 1 | T20: =1 -> 1 | U20: =1 -> 1 | V20: =1 -> 1 | W20: =1 -> 1 | X20: =1 -> 1 | Y20: =1 -> 1 | ... AF20: =1 -> 1 | AX20: Cumulative assigned →
A21: =A20+1 -> 14 | B21: =COUNTIF($D$25:$D$124,$A21) -> 2 | C21: =_xlfn.MINIFS($B$25:$B$124,$D$25:$D$124,$A21) -> 52 | D21: =_xlfn.MAXIFS($B$25:$B$124,$D$25:$D$124,$A21) -> 52 | E21: =D21-C21 -> 0 | F21: =_xlfn.MINIFS($C$25:$C$124,$D$25:$D$124,$A21) -> 21.59 | G21: =_xlfn.MAXIFS($C$25:$C$124,$D$25:$D$124,$A21) -> 21.66 | H21: =G21-F21 -> 0.07 | I21: =IF(AND(C21>=ANALYSIS!$B$5,D21<=ANALYSIS!$B$6),"Yes","No") -> No | J21: {=_xlfn.TEXTJOIN(", ",TRUE,IF($D$25:$D$124=$A21,$A$25:$A$124,""))} -> 19-07, 19-18 | Q21: Cluster size | R21: =MAX(R$25:R$124) -> 14 | S21: =MAX(S$25:S$124) -> 11 | T21: =MAX(T$25:T$124) -> 9 | U21: =MAX(U$25:U$124) -> 8 | V21: =MAX(V$25:V$124) -> 7 | W21: =MAX(W$25:W$124) -> 6 | X21: =MAX(X$25:X$124) -> 6 | Y21: =MAX(Y$25:Y$124) -> 4 | ... AF21: =MAX(AF$25:AF$124) -> 2
A22: =A21+1 -> 15 | B22: =COUNTIF($D$25:$D$124,$A22) -> 2 | C22: =_xlfn.MINIFS($B$25:$B$124,$D$25:$D$124,$A22) -> 58 | D22: =_xlfn.MAXIFS($B$25:$B$124,$D$25:$D$124,$A22) -> 59 | E22: =D22-C22 -> 1 | F22: =_xlfn.MINIFS($C$25:$C$124,$D$25:$D$124,$A22) -> 23.24 | G22: =_xlfn.MAXIFS($C$25:$C$124,$D$25:$D$124,$A22) -> 23.29 | H22: =G22-F22 -> 0.05 | I22: =IF(AND(C22>=ANALYSIS!$B$5,D22<=ANALYSIS!$B$6),"Yes","No") -> Yes | J22: {=_xlfn.TEXTJOIN(", ",TRUE,IF($D$25:$D$124=$A22,$A$25:$A$124,""))} -> 19-24, 19-33 | Q22: Anchor spine (lb) | R22: =INDEX($B$25:$B$124,MATCH(R21,R$25:R$124,0)) -> 55 | S22: =INDEX($B$25:$B$124,MATCH(S21,S$25:S$124,0)) -> 53 | T22: =INDEX($B$25:$B$124,MATCH(T21,T$25:T$124,0)) -> 55 | U22: =INDEX($B$25:$B$124,MATCH(U21,U$25:U$124,0)) -> 53 | V22: =INDEX($B$25:$B$124,MATCH(V21,V$25:V$124,0)) -> 53 | W22: =INDEX($B$25:$B$124,MATCH(W21,W$25:W$124,0)) -> 52 | X22: =INDEX($B$25:$B$124,MATCH(X21,X$25:X$124,0)) -> 55 | Y22: =INDEX($B$25:$B$124,MATCH(Y21,Y$25:Y$124,0)) -> 50 | ... AF22: =INDEX($B$25:$B$124,MATCH(AF21,AF$25:AF$124,0)) -> 58
A23: WORKING BLOCK — 100 shafts (columns R onward are the round-by-round search) | Q23: Anchor weight (g) | R23: =INDEX($C$25:$C$124,MATCH(R21,R$25:R$124,0)) -> 23.85 | S23: =INDEX($C$25:$C$124,MATCH(S21,S$25:S$124,0)) -> 23.03 | T23: =INDEX($C$25:$C$124,MATCH(T21,T$25:T$124,0)) -> 25.09 | U23: =INDEX($C$25:$C$124,MATCH(U21,U$25:U$124,0)) -> 21.49 | V23: =INDEX($C$25:$C$124,MATCH(V21,V$25:V$124,0)) -> 22.06 | W23: =INDEX($C$25:$C$124,MATCH(W21,W$25:W$124,0)) -> 23.46 | X23: =INDEX($C$25:$C$124,MATCH(X21,X$25:X$124,0)) -> 22.62 | Y23: =INDEX($C$25:$C$124,MATCH(Y21,Y$25:Y$124,0)) -> 22.67 | ... AF23: =INDEX($C$25:$C$124,MATCH(AF21,AF$25:AF$124,0)) -> 23.24
A24: Shaft # | B24: Avg spine (lb) | C24: Weight (g) | D24: Cluster # | Q24: Window count ↓ | AG24: Assigned flag ↓ | AX24: cum0
A25: =ANALYSIS!B31 -> 19-01 | B25: =ANALYSIS!E31 -> 55.5 | C25: =ANALYSIS!G31 -> 23.23 | D25: =IFERROR(MATCH(1,$AH25:$AV25,0),"") -> 2 | R25: {=IF(AX25>0,0,SUMPRODUCT((AX$25:AX$124=0)*($B$25:$B$124>=$B25)*($B$25:$B$124<=$B25+ANALYSIS!$G$5)*($C$25:$C$124>=$C25)*($C$25:$C$124<=$C25+ANALYSIS!$G$6)))} -> 10 | S25: {=IF(AY25>0,0,SUMPRODUCT((AY$25:AY$124=0)*($B$25:$B$124>=$B25)*($B$25:$B$124<=$B25+ANALYSIS!$G$5)*($C$25:$C$124>=$C25)*($C$25:$C$124<=$C25+ANALYSIS!$G$6)))} -> 10 | T25: {=IF(AZ25>0,0,SUMPRODUCT((AZ$25:AZ$124=0)*($B$25:$B$124>=$B25)*($B$25:$B$124<=$B25+ANALYSIS!$G$5)*($C$25:$C$124>=$C25)*($C$25:$C$124<=$C25+ANALYSIS!$G$6)))} -> 0 | U25: {=IF(BA25>0,0,SUMPRODUCT((BA$25:BA$124=0)*($B$25:$B$124>=$B25)*($B$25:$B$124<=$B25+ANALYSIS!$G$5)*($C$25:$C$124>=$C25)*($C$25:$C$124<=$C25+ANALYSIS!$G$6)))} -> 0 | V25: {=IF(BB25>0,0,SUMPRODUCT((BB$25:BB$124=0)*($B$25:$B$124>=$B25)*($B$25:$B$124<=$B25+ANALYSIS!$G$5)*($C$25:$C$124>=$C25)*($C$25:$C$124<=$C25+ANALYSIS!$G$6)))} -> 0 | W25: {=IF(BC25>0,0,SUMPRODUCT((BC$25:BC$124=0)*($B$25:$B$124>=$B25)*($B$25:$B$124<=$B25+ANALYSIS!$G$5)*($C$25:$C$124>=$C25)*($C$25:$C$124<=$C25+ANALYSIS!$G$6)))} -> 0 | X25: {=IF(BD25>0,0,SUMPRODUCT((BD$25:BD$124=0)*($B$25:$B$124>=$B25)*($B$25:$B$124<=$B25+ANALYSIS!$G$5)*($C$25:$C$124>=$C25)*($C$25:$C$124<=$C25+ANALYSIS!$G$6)))} -> 0 | Y25: {=IF(BE25>0,0,SUMPRODUCT((BE$25:BE$124=0)*($B$25:$B$124>=$B25)*($B$25:$B$124<=$B25+ANALYSIS!$G$5)*($C$25:$C$124>=$C25)*($C$25:$C$124<=$C25+ANALYSIS!$G$6)))} -> 0 | ... AF25: {=IF(BL25>0,0,SUMPRODUCT((BL$25:BL$124=0)*($B$25:$B$124>=$B25)*($B$25:$B$124<=$B25+ANALYSIS!$G$5)*($C$25:$C$124>=$C25)*($C$25:$C$124<=$C25+ANALYSIS!$G$6)))} -> 0 | AH25: =IF(AND(AX25=0,$B25>=R$22,$B25<=R$22+ANALYSIS!$G$5,$C25>=R$23,$C25<=R$23+ANALYSIS!$G$6),1,0) -> 0 | AI25: =IF(AND(AY25=0,$B25>=S$22,$B25<=S$22+ANALYSIS!$G$5,$C25>=S$23,$C25<=S$23+ANALYSIS!$G$6),1,0) -> 1 | AJ25: =IF(AND(AZ25=0,$B25>=T$22,$B25<=T$22+ANALYSIS!$G$5,$C25>=T$23,$C25<=T$23+ANALYSIS!$G$6),1,0) -> 0 | AK25: =IF(AND(BA25=0,$B25>=U$22,$B25<=U$22+ANALYSIS!$G$5,$C25>=U$23,$C25<=U$23+ANALYSIS!$G$6),1,0) -> 0 | AL25: =IF(AND(BB25=0,$B25>=V$22,$B25<=V$22+ANALYSIS!$G$5,$C25>=V$23,$C25<=V$23+ANALYSIS!$G$6),1,0) -> 0 | AM25: =IF(AND(BC25=0,$B25>=W$22,$B25<=W$22+ANALYSIS!$G$5,$C25>=W$23,$C25<=W$23+ANALYSIS!$G$6),1,0) -> 0 | AN25: =IF(AND(BD25=0,$B25>=X$22,$B25<=X$22+ANALYSIS!$G$5,$C25>=X$23,$C25<=X$23+ANALYSIS!$G$6),1,0) -> 0 | AO25: =IF(AND(BE25=0,$B25>=Y$22,$B25<=Y$22+ANALYSIS!$G$5,$C25>=Y$23,$C25<=Y$23+ANALYSIS!$G$6),1,0) -> 0 | ... AV25: =IF(AND(BL25=0,$B25>=AF$22,$B25<=AF$22+ANALYSIS!$G$5,$C25>=AF$23,$C25<=AF$23+ANALYSIS!$G$6),1,0) -> 0 | AX25: 0 | AY25: =AX25+AH25 -> 0 | AZ25: =AY25+AI25 -> 1 | BA25: =AZ25+AJ25 -> 1 | BB25: =BA25+AK25 -> 1 | BC25: =BB25+AL25 -> 1 | BD25: =BC25+AM25 -> 1 | BE25: =BD25+AN25 -> 1 | BF25: =BE25+AO25 -> 1 | ... BM25: =BL25+AV25 -> 1
A26: =ANALYSIS!B32 -> 19-02 | B26: =ANALYSIS!E32 -> 58 | C26: =ANALYSIS!G32 -> 24.7 | D26: =IFERROR(MATCH(1,$AH26:$AV26,0),"") -> 10 | R26: {=IF(AX26>0,0,SUMPRODUCT((AX$25:AX$124=0)*($B$25:$B$124>=$B26)*($B$25:$B$124<=$B26+ANALYSIS!$G$5)*($C$25:$C$124>=$C26)*($C$25:$C$124<=$C26+ANALYSIS!$G$6)))} -> 2 | S26: {=IF(AY26>0,0,SUMPRODUCT((AY$25:AY$124=0)*($B$25:$B$124>=$B26)*($B$25:$B$124<=$B26+ANALYSIS!$G$5)*($C$25:$C$124>=$C26)*($C$25:$C$124<=$C26+ANALYSIS!$G$6)))} -> 2 | T26: {=IF(AZ26>0,0,SUMPRODUCT((AZ$25:AZ$124=0)*($B$25:$B$124>=$B26)*($B$25:$B$124<=$B26+ANALYSIS!$G$5)*($C$25:$C$124>=$C26)*($C$25:$C$124<=$C26+ANALYSIS!$G$6)))} -> 2 | U26: {=IF(BA26>0,0,SUMPRODUCT((BA$25:BA$124=0)*($B$25:$B$124>=$B26)*($B$25:$B$124<=$B26+ANALYSIS!$G$5)*($C$25:$C$124>=$C26)*($C$25:$C$124<=$C26+ANALYSIS!$G$6)))} -> 2 | V26: {=IF(BB26>0,0,SUMPRODUCT((BB$25:BB$124=0)*($B$25:$B$124>=$B26)*($B$25:$B$124<=$B26+ANALYSIS!$G$5)*($C$25:$C$124>=$C26)*($C$25:$C$124<=$C26+ANALYSIS!$G$6)))} -> 2 | W26: {=IF(BC26>0,0,SUMPRODUCT((BC$25:BC$124=0)*($B$25:$B$124>=$B26)*($B$25:$B$124<=$B26+ANALYSIS!$G$5)*($C$25:$C$124>=$C26)*($C$25:$C$124<=$C26+ANALYSIS!$G$6)))} -> 2 | X26: {=IF(BD26>0,0,SUMPRODUCT((BD$25:BD$124=0)*($B$25:$B$124>=$B26)*($B$25:$B$124<=$B26+ANALYSIS!$G$5)*($C$25:$C$124>=$C26)*($C$25:$C$124<=$C26+ANALYSIS!$G$6)))} -> 2 | Y26: {=IF(BE26>0,0,SUMPRODUCT((BE$25:BE$124=0)*($B$25:$B$124>=$B26)*($B$25:$B$124<=$B26+ANALYSIS!$G$5)*($C$25:$C$124>=$C26)*($C$25:$C$124<=$C26+ANALYSIS!$G$6)))} -> 2 | ... AF26: {=IF(BL26>0,0,SUMPRODUCT((BL$25:BL$124=0)*($B$25:$B$124>=$B26)*($B$25:$B$124<=$B26+ANALYSIS!$G$5)*($C$25:$C$124>=$C26)*($C$25:$C$124<=$C26+ANALYSIS!$G$6)))} -> 0 | AH26: =IF(AND(AX26=0,$B26>=R$22,$B26<=R$22+ANALYSIS!$G$5,$C26>=R$23,$C26<=R$23+ANALYSIS!$G$6),1,0) -> 0 | AI26: =IF(AND(AY26=0,$B26>=S$22,$B26<=S$22+ANALYSIS!$G$5,$C26>=S$23,$C26<=S$23+ANALYSIS!$G$6),1,0) -> 0 | AJ26: =IF(AND(AZ26=0,$B26>=T$22,$B26<=T$22+ANALYSIS!$G$5,$C26>=T$23,$C26<=T$23+ANALYSIS!$G$6),1,0) -> 0 | AK26: =IF(AND(BA26=0,$B26>=U$22,$B26<=U$22+ANALYSIS!$G$5,$C26>=U$23,$C26<=U$23+ANALYSIS!$G$6),1,0) -> 0 | AL26: =IF(AND(BB26=0,$B26>=V$22,$B26<=V$22+ANALYSIS!$G$5,$C26>=V$23,$C26<=V$23+ANALYSIS!$G$6),1,0) -> 0 | AM26: =IF(AND(BC26=0,$B26>=W$22,$B26<=W$22+ANALYSIS!$G$5,$C26>=W$23,$C26<=W$23+ANALYSIS!$G$6),1,0) -> 0 | AN26: =IF(AND(BD26=0,$B26>=X$22,$B26<=X$22+ANALYSIS!$G$5,$C26>=X$23,$C26<=X$23+ANALYSIS!$G$6),1,0) -> 0 | AO26: =IF(AND(BE26=0,$B26>=Y$22,$B26<=Y$22+ANALYSIS!$G$5,$C26>=Y$23,$C26<=Y$23+ANALYSIS!$G$6),1,0) -> 0 | ... AV26: =IF(AND(BL26=0,$B26>=AF$22,$B26<=AF$22+ANALYSIS!$G$5,$C26>=AF$23,$C26<=AF$23+ANALYSIS!$G$6),1,0) -> 0 | AX26: 0 | AY26: =AX26+AH26 -> 0 | AZ26: =AY26+AI26 -> 0 | BA26: =AZ26+AJ26 -> 0 | BB26: =BA26+AK26 -> 0 | BC26: =BB26+AL26 -> 0 | BD26: =BC26+AM26 -> 0 | BE26: =BD26+AN26 -> 0 | BF26: =BE26+AO26 -> 0 | ... BM26: =BL26+AV26 -> 1
A27: =ANALYSIS!B33 -> 19-03 | B27: =ANALYSIS!E33 -> 52 | C27: =ANALYSIS!G33 -> 22.19 | D27: =IFERROR(MATCH(1,$AH27:$AV27,0),"") -> 13 | R27: {=IF(AX27>0,0,SUMPRODUCT((AX$25:AX$124=0)*($B$25:$B$124>=$B27)*($B$25:$B$124<=$B27+ANALYSIS!$G$5)*($C$25:$C$124>=$C27)*($C$25:$C$124<=$C27+ANALYSIS!$G$6)))} -> 5 | S27: {=IF(AY27>0,0,SUMPRODUCT((AY$25:AY$124=0)*($B$25:$B$124>=$B27)*($B$25:$B$124<=$B27+ANALYSIS!$G$5)*($C$25:$C$124>=$C27)*($C$25:$C$124<=$C27+ANALYSIS!$G$6)))} -> 5 | T27: {=IF(AZ27>0,0,SUMPRODUCT((AZ$25:AZ$124=0)*($B$25:$B$124>=$B27)*($B$25:$B$124<=$B27+ANALYSIS!$G$5)*($C$25:$C$124>=$C27)*($C$25:$C$124<=$C27+ANALYSIS!$G$6)))} -> 5 | U27: {=IF(BA27>0,0,SUMPRODUCT((BA$25:BA$124=0)*($B$25:$B$124>=$B27)*($B$25:$B$124<=$B27+ANALYSIS!$G$5)*($C$25:$C$124>=$C27)*($C$25:$C$124<=$C27+ANALYSIS!$G$6)))} -> 5 | V27: {=IF(BB27>0,0,SUMPRODUCT((BB$25:BB$124=0)*($B$25:$B$124>=$B27)*($B$25:$B$124<=$B27+ANALYSIS!$G$5)*($C$25:$C$124>=$C27)*($C$25:$C$124<=$C27+ANALYSIS!$G$6)))} -> 5 | W27: {=IF(BC27>0,0,SUMPRODUCT((BC$25:BC$124=0)*($B$25:$B$124>=$B27)*($B$25:$B$124<=$B27+ANALYSIS!$G$5)*($C$25:$C$124>=$C27)*($C$25:$C$124<=$C27+ANALYSIS!$G$6)))} -> 3 | X27: {=IF(BD27>0,0,SUMPRODUCT((BD$25:BD$124=0)*($B$25:$B$124>=$B27)*($B$25:$B$124<=$B27+ANALYSIS!$G$5)*($C$25:$C$124>=$C27)*($C$25:$C$124<=$C27+ANALYSIS!$G$6)))} -> 3 | Y27: {=IF(BE27>0,0,SUMPRODUCT((BE$25:BE$124=0)*($B$25:$B$124>=$B27)*($B$25:$B$124<=$B27+ANALYSIS!$G$5)*($C$25:$C$124>=$C27)*($C$25:$C$124<=$C27+ANALYSIS!$G$6)))} -> 2 | ... AF27: {=IF(BL27>0,0,SUMPRODUCT((BL$25:BL$124=0)*($B$25:$B$124>=$B27)*($B$25:$B$124<=$B27+ANALYSIS!$G$5)*($C$25:$C$124>=$C27)*($C$25:$C$124<=$C27+ANALYSIS!$G$6)))} -> 0 | AH27: =IF(AND(AX27=0,$B27>=R$22,$B27<=R$22+ANALYSIS!$G$5,$C27>=R$23,$C27<=R$23+ANALYSIS!$G$6),1,0) -> 0 | AI27: =IF(AND(AY27=0,$B27>=S$22,$B27<=S$22+ANALYSIS!$G$5,$C27>=S$23,$C27<=S$23+ANALYSIS!$G$6),1,0) -> 0 | AJ27: =IF(AND(AZ27=0,$B27>=T$22,$B27<=T$22+ANALYSIS!$G$5,$C27>=T$23,$C27<=T$23+ANALYSIS!$G$6),1,0) -> 0 | AK27: =IF(AND(BA27=0,$B27>=U$22,$B27<=U$22+ANALYSIS!$G$5,$C27>=U$23,$C27<=U$23+ANALYSIS!$G$6),1,0) -> 0 | AL27: =IF(AND(BB27=0,$B27>=V$22,$B27<=V$22+ANALYSIS!$G$5,$C27>=V$23,$C27<=V$23+ANALYSIS!$G$6),1,0) -> 0 | AM27: =IF(AND(BC27=0,$B27>=W$22,$B27<=W$22+ANALYSIS!$G$5,$C27>=W$23,$C27<=W$23+ANALYSIS!$G$6),1,0) -> 0 | AN27: =IF(AND(BD27=0,$B27>=X$22,$B27<=X$22+ANALYSIS!$G$5,$C27>=X$23,$C27<=X$23+ANALYSIS!$G$6),1,0) -> 0 | AO27: =IF(AND(BE27=0,$B27>=Y$22,$B27<=Y$22+ANALYSIS!$G$5,$C27>=Y$23,$C27<=Y$23+ANALYSIS!$G$6),1,0) -> 0 | ... AV27: =IF(AND(BL27=0,$B27>=AF$22,$B27<=AF$22+ANALYSIS!$G$5,$C27>=AF$23,$C27<=AF$23+ANALYSIS!$G$6),1,0) -> 0 | AX27: 0 | AY27: =AX27+AH27 -> 0 | AZ27: =AY27+AI27 -> 0 | BA27: =AZ27+AJ27 -> 0 | BB27: =BA27+AK27 -> 0 | BC27: =BB27+AL27 -> 0 | BD27: =BC27+AM27 -> 0 | BE27: =BD27+AN27 -> 0 | BF27: =BE27+AO27 -> 0 | ... BM27: =BL27+AV27 -> 1
A28: =ANALYSIS!B34 -> 19-04 | B28: =ANALYSIS!E34 -> 55 | C28: =ANALYSIS!G34 -> 24.03 | D28: =IFERROR(MATCH(1,$AH28:$AV28,0),"") -> 1 | R28: {=IF(AX28>0,0,SUMPRODUCT((AX$25:AX$124=0)*($B$25:$B$124>=$B28)*($B$25:$B$124<=$B28+ANALYSIS!$G$5)*($C$25:$C$124>=$C28)*($C$25:$C$124<=$C28+ANALYSIS!$G$6)))} -> 9 | S28: {=IF(AY28>0,0,SUMPRODUCT((AY$25:AY$124=0)*($B$25:$B$124>=$B28)*($B$25:$B$124<=$B28+ANALYSIS!$G$5)*($C$25:$C$124>=$C28)*($C$25:$C$124<=$C28+ANALYSIS!$G$6)))} -> 0 | T28: {=IF(AZ28>0,0,SUMPRODUCT((AZ$25:AZ$124=0)*($B$25:$B$124>=$B28)*($B$25:$B$124<=$B28+ANALYSIS!$G$5)*($C$25:$C$124>=$C28)*($C$25:$C$124<=$C28+ANALYSIS!$G$6)))} -> 0 | U28: {=IF(BA28>0,0,SUMPRODUCT((BA$25:BA$124=0)*($B$25:$B$124>=$B28)*($B$25:$B$124<=$B28+ANALYSIS!$G$5)*($C$25:$C$124>=$C28)*($C$25:$C$124<=$C28+ANALYSIS!$G$6)))} -> 0 | V28: {=IF(BB28>0,0,SUMPRODUCT((BB$25:BB$124=0)*($B$25:$B$124>=$B28)*($B$25:$B$124<=$B28+ANALYSIS!$G$5)*($C$25:$C$124>=$C28)*($C$25:$C$124<=$C28+ANALYSIS!$G$6)))} -> 0 | W28: {=IF(BC28>0,0,SUMPRODUCT((BC$25:BC$124=0)*($B$25:$B$124>=$B28)*($B$25:$B$124<=$B28+ANALYSIS!$G$5)*($C$25:$C$124>=$C28)*($C$25:$C$124<=$C28+ANALYSIS!$G$6)))} -> 0 | X28: {=IF(BD28>0,0,SUMPRODUCT((BD$25:BD$124=0)*($B$25:$B$124>=$B28)*($B$25:$B$124<=$B28+ANALYSIS!$G$5)*($C$25:$C$124>=$C28)*($C$25:$C$124<=$C28+ANALYSIS!$G$6)))} -> 0 | Y28: {=IF(BE28>0,0,SUMPRODUCT((BE$25:BE$124=0)*($B$25:$B$124>=$B28)*($B$25:$B$124<=$B28+ANALYSIS!$G$5)*($C$25:$C$124>=$C28)*($C$25:$C$124<=$C28+ANALYSIS!$G$6)))} -> 0 | ... AF28: {=IF(BL28>0,0,SUMPRODUCT((BL$25:BL$124=0)*($B$25:$B$124>=$B28)*($B$25:$B$124<=$B28+ANALYSIS!$G$5)*($C$25:$C$124>=$C28)*($C$25:$C$124<=$C28+ANALYSIS!$G$6)))} -> 0 | AH28: =IF(AND(AX28=0,$B28>=R$22,$B28<=R$22+ANALYSIS!$G$5,$C28>=R$23,$C28<=R$23+ANALYSIS!$G$6),1,0) -> 1 | AI28: =IF(AND(AY28=0,$B28>=S$22,$B28<=S$22+ANALYSIS!$G$5,$C28>=S$23,$C28<=S$23+ANALYSIS!$G$6),1,0) -> 0 | AJ28: =IF(AND(AZ28=0,$B28>=T$22,$B28<=T$22+ANALYSIS!$G$5,$C28>=T$23,$C28<=T$23+ANALYSIS!$G$6),1,0) -> 0 | AK28: =IF(AND(BA28=0,$B28>=U$22,$B28<=U$22+ANALYSIS!$G$5,$C28>=U$23,$C28<=U$23+ANALYSIS!$G$6),1,0) -> 0 | AL28: =IF(AND(BB28=0,$B28>=V$22,$B28<=V$22+ANALYSIS!$G$5,$C28>=V$23,$C28<=V$23+ANALYSIS!$G$6),1,0) -> 0 | AM28: =IF(AND(BC28=0,$B28>=W$22,$B28<=W$22+ANALYSIS!$G$5,$C28>=W$23,$C28<=W$23+ANALYSIS!$G$6),1,0) -> 0 | AN28: =IF(AND(BD28=0,$B28>=X$22,$B28<=X$22+ANALYSIS!$G$5,$C28>=X$23,$C28<=X$23+ANALYSIS!$G$6),1,0) -> 0 | AO28: =IF(AND(BE28=0,$B28>=Y$22,$B28<=Y$22+ANALYSIS!$G$5,$C28>=Y$23,$C28<=Y$23+ANALYSIS!$G$6),1,0) -> 0 | ... AV28: =IF(AND(BL28=0,$B28>=AF$22,$B28<=AF$22+ANALYSIS!$G$5,$C28>=AF$23,$C28<=AF$23+ANALYSIS!$G$6),1,0) -> 0 | AX28: 0 | AY28: =AX28+AH28 -> 1 | AZ28: =AY28+AI28 -> 1 | BA28: =AZ28+AJ28 -> 1 | BB28: =BA28+AK28 -> 1 | BC28: =BB28+AL28 -> 1 | BD28: =BC28+AM28 -> 1 | BE28: =BD28+AN28 -> 1 | BF28: =BE28+AO28 -> 1 | ... BM28: =BL28+AV28 -> 1
A29: =ANALYSIS!B35 -> 19-05 | B29: =ANALYSIS!E35 -> 56 | C29: =ANALYSIS!G35 -> 21.93 | D29: =IFERROR(MATCH(1,$AH29:$AV29,0),"") -> 4 | R29: {=IF(AX29>0,0,SUMPRODUCT((AX$25:AX$124=0)*($B$25:$B$124>=$B29)*($B$25:$B$124<=$B29+ANALYSIS!$G$5)*($C$25:$C$124>=$C29)*($C$25:$C$124<=$C29+ANALYSIS!$G$6)))} -> 5 | S29: {=IF(AY29>0,0,SUMPRODUCT((AY$25:AY$124=0)*($B$25:$B$124>=$B29)*($B$25:$B$124<=$B29+ANALYSIS!$G$5)*($C$25:$C$124>=$C29)*($C$25:$C$124<=$C29+ANALYSIS!$G$6)))} -> 5 | T29: {=IF(AZ29>0,0,SUMPRODUCT((AZ$25:AZ$124=0)*($B$25:$B$124>=$B29)*($B$25:$B$124<=$B29+ANALYSIS!$G$5)*($C$25:$C$124>=$C29)*($C$25:$C$124<=$C29+ANALYSIS!$G$6)))} -> 5 | U29: {=IF(BA29>0,0,SUMPRODUCT((BA$25:BA$124=0)*($B$25:$B$124>=$B29)*($B$25:$B$124<=$B29+ANALYSIS!$G$5)*($C$25:$C$124>=$C29)*($C$25:$C$124<=$C29+ANALYSIS!$G$6)))} -> 5 | V29: {=IF(BB29>0,0,SUMPRODUCT((BB$25:BB$124=0)*($B$25:$B$124>=$B29)*($B$25:$B$124<=$B29+ANALYSIS!$G$5)*($C$25:$C$124>=$C29)*($C$25:$C$124<=$C29+ANALYSIS!$G$6)))} -> 0 | W29: {=IF(BC29>0,0,SUMPRODUCT((BC$25:BC$124=0)*($B$25:$B$124>=$B29)*($B$25:$B$124<=$B29+ANALYSIS!$G$5)*($C$25:$C$124>=$C29)*($C$25:$C$124<=$C29+ANALYSIS!$G$6)))} -> 0 | X29: {=IF(BD29>0,0,SUMPRODUCT((BD$25:BD$124=0)*($B$25:$B$124>=$B29)*($B$25:$B$124<=$B29+ANALYSIS!$G$5)*($C$25:$C$124>=$C29)*($C$25:$C$124<=$C29+ANALYSIS!$G$6)))} -> 0 | Y29: {=IF(BE29>0,0,SUMPRODUCT((BE$25:BE$124=0)*($B$25:$B$124>=$B29)*($B$25:$B$124<=$B29+ANALYSIS!$G$5)*($C$25:$C$124>=$C29)*($C$25:$C$124<=$C29+ANALYSIS!$G$6)))} -> 0 | ... AF29: {=IF(BL29>0,0,SUMPRODUCT((BL$25:BL$124=0)*($B$25:$B$124>=$B29)*($B$25:$B$124<=$B29+ANALYSIS!$G$5)*($C$25:$C$124>=$C29)*($C$25:$C$124<=$C29+ANALYSIS!$G$6)))} -> 0 | AH29: =IF(AND(AX29=0,$B29>=R$22,$B29<=R$22+ANALYSIS!$G$5,$C29>=R$23,$C29<=R$23+ANALYSIS!$G$6),1,0) -> 0 | AI29: =IF(AND(AY29=0,$B29>=S$22,$B29<=S$22+ANALYSIS!$G$5,$C29>=S$23,$C29<=S$23+ANALYSIS!$G$6),1,0) -> 0 | AJ29: =IF(AND(AZ29=0,$B29>=T$22,$B29<=T$22+ANALYSIS!$G$5,$C29>=T$23,$C29<=T$23+ANALYSIS!$G$6),1,0) -> 0 | AK29: =IF(AND(BA29=0,$B29>=U$22,$B29<=U$22+ANALYSIS!$G$5,$C29>=U$23,$C29<=U$23+ANALYSIS!$G$6),1,0) -> 1 | AL29: =IF(AND(BB29=0,$B29>=V$22,$B29<=V$22+ANALYSIS!$G$5,$C29>=V$23,$C29<=V$23+ANALYSIS!$G$6),1,0) -> 0 | AM29: =IF(AND(BC29=0,$B29>=W$22,$B29<=W$22+ANALYSIS!$G$5,$C29>=W$23,$C29<=W$23+ANALYSIS!$G$6),1,0) -> 0 | AN29: =IF(AND(BD29=0,$B29>=X$22,$B29<=X$22+ANALYSIS!$G$5,$C29>=X$23,$C29<=X$23+ANALYSIS!$G$6),1,0) -> 0 | AO29: =IF(AND(BE29=0,$B29>=Y$22,$B29<=Y$22+ANALYSIS!$G$5,$C29>=Y$23,$C29<=Y$23+ANALYSIS!$G$6),1,0) -> 0 | ... AV29: =IF(AND(BL29=0,$B29>=AF$22,$B29<=AF$22+ANALYSIS!$G$5,$C29>=AF$23,$C29<=AF$23+ANALYSIS!$G$6),1,0) -> 0 | AX29: 0 | AY29: =AX29+AH29 -> 0 | AZ29: =AY29+AI29 -> 0 | BA29: =AZ29+AJ29 -> 0 | BB29: =BA29+AK29 -> 1 | BC29: =BB29+AL29 -> 1 | BD29: =BC29+AM29 -> 1 | BE29: =BD29+AN29 -> 1 | BF29: =BE29+AO29 -> 1 | ... BM29: =BL29+AV29 -> 1
A30: =ANALYSIS!B36 -> 19-06 | B30: =ANALYSIS!E36 -> 55 | C30: =ANALYSIS!G36 -> 23.85 | D30: =IFERROR(MATCH(1,$AH30:$AV30,0),"") -> 1 | R30: {=IF(AX30>0,0,SUMPRODUCT((AX$25:AX$124=0)*($B$25:$B$124>=$B30)*($B$25:$B$124<=$B30+ANALYSIS!$G$5)*($C$25:$C$124>=$C30)*($C$25:$C$124<=$C30+ANALYSIS!$G$6)))} -> 14 | S30: {=IF(AY30>0,0,SUMPRODUCT((AY$25:AY$124=0)*($B$25:$B$124>=$B30)*($B$25:$B$124<=$B30+ANALYSIS!$G$5)*($C$25:$C$124>=$C30)*($C$25:$C$124<=$C30+ANALYSIS!$G$6)))} -> 0 | T30: {=IF(AZ30>0,0,SUMPRODUCT((AZ$25:AZ$124=0)*($B$25:$B$124>=$B30)*($B$25:$B$124<=$B30+ANALYSIS!$G$5)*($C$25:$C$124>=$C30)*($C$25:$C$124<=$C30+ANALYSIS!$G$6)))} -> 0 | U30: {=IF(BA30>0,0,SUMPRODUCT((BA$25:BA$124=0)*($B$25:$B$124>=$B30)*($B$25:$B$124<=$B30+ANALYSIS!$G$5)*($C$25:$C$124>=$C30)*($C$25:$C$124<=$C30+ANALYSIS!$G$6)))} -> 0 | V30: {=IF(BB30>0,0,SUMPRODUCT((BB$25:BB$124=0)*($B$25:$B$124>=$B30)*($B$25:$B$124<=$B30+ANALYSIS!$G$5)*($C$25:$C$124>=$C30)*($C$25:$C$124<=$C30+ANALYSIS!$G$6)))} -> 0 | W30: {=IF(BC30>0,0,SUMPRODUCT((BC$25:BC$124=0)*($B$25:$B$124>=$B30)*($B$25:$B$124<=$B30+ANALYSIS!$G$5)*($C$25:$C$124>=$C30)*($C$25:$C$124<=$C30+ANALYSIS!$G$6)))} -> 0 | X30: {=IF(BD30>0,0,SUMPRODUCT((BD$25:BD$124=0)*($B$25:$B$124>=$B30)*($B$25:$B$124<=$B30+ANALYSIS!$G$5)*($C$25:$C$124>=$C30)*($C$25:$C$124<=$C30+ANALYSIS!$G$6)))} -> 0 | Y30: {=IF(BE30>0,0,SUMPRODUCT((BE$25:BE$124=0)*($B$25:$B$124>=$B30)*($B$25:$B$124<=$B30+ANALYSIS!$G$5)*($C$25:$C$124>=$C30)*($C$25:$C$124<=$C30+ANALYSIS!$G$6)))} -> 0 | ... AF30: {=IF(BL30>0,0,SUMPRODUCT((BL$25:BL$124=0)*($B$25:$B$124>=$B30)*($B$25:$B$124<=$B30+ANALYSIS!$G$5)*($C$25:$C$124>=$C30)*($C$25:$C$124<=$C30+ANALYSIS!$G$6)))} -> 0 | AH30: =IF(AND(AX30=0,$B30>=R$22,$B30<=R$22+ANALYSIS!$G$5,$C30>=R$23,$C30<=R$23+ANALYSIS!$G$6),1,0) -> 1 | AI30: =IF(AND(AY30=0,$B30>=S$22,$B30<=S$22+ANALYSIS!$G$5,$C30>=S$23,$C30<=S$23+ANALYSIS!$G$6),1,0) -> 0 | AJ30: =IF(AND(AZ30=0,$B30>=T$22,$B30<=T$22+ANALYSIS!$G$5,$C30>=T$23,$C30<=T$23+ANALYSIS!$G$6),1,0) -> 0 | AK30: =IF(AND(BA30=0,$B30>=U$22,$B30<=U$22+ANALYSIS!$G$5,$C30>=U$23,$C30<=U$23+ANALYSIS!$G$6),1,0) -> 0 | AL30: =IF(AND(BB30=0,$B30>=V$22,$B30<=V$22+ANALYSIS!$G$5,$C30>=V$23,$C30<=V$23+ANALYSIS!$G$6),1,0) -> 0 | AM30: =IF(AND(BC30=0,$B30>=W$22,$B30<=W$22+ANALYSIS!$G$5,$C30>=W$23,$C30<=W$23+ANALYSIS!$G$6),1,0) -> 0 | AN30: =IF(AND(BD30=0,$B30>=X$22,$B30<=X$22+ANALYSIS!$G$5,$C30>=X$23,$C30<=X$23+ANALYSIS!$G$6),1,0) -> 0 | AO30: =IF(AND(BE30=0,$B30>=Y$22,$B30<=Y$22+ANALYSIS!$G$5,$C30>=Y$23,$C30<=Y$23+ANALYSIS!$G$6),1,0) -> 0 | ... AV30: =IF(AND(BL30=0,$B30>=AF$22,$B30<=AF$22+ANALYSIS!$G$5,$C30>=AF$23,$C30<=AF$23+ANALYSIS!$G$6),1,0) -> 0 | AX30: 0 | AY30: =AX30+AH30 -> 1 | AZ30: =AY30+AI30 -> 1 | BA30: =AZ30+AJ30 -> 1 | BB30: =BA30+AK30 -> 1 | BC30: =BB30+AL30 -> 1 | BD30: =BC30+AM30 -> 1 | BE30: =BD30+AN30 -> 1 | BF30: =BE30+AO30 -> 1 | ... BM30: =BL30+AV30 -> 1
A31: =ANALYSIS!B37 -> 19-07 | B31: =ANALYSIS!E37 -> 52 | C31: =ANALYSIS!G37 -> 21.59 | D31: =IFERROR(MATCH(1,$AH31:$AV31,0),"") -> 14 | R31: {=IF(AX31>0,0,SUMPRODUCT((AX$25:AX$124=0)*($B$25:$B$124>=$B31)*($B$25:$B$124<=$B31+ANALYSIS!$G$5)*($C$25:$C$124>=$C31)*($C$25:$C$124<=$C31+ANALYSIS!$G$6)))} -> 5 | S31: {=IF(AY31>0,0,SUMPRODUCT((AY$25:AY$124=0)*($B$25:$B$124>=$B31)*($B$25:$B$124<=$B31+ANALYSIS!$G$5)*($C$25:$C$124>=$C31)*($C$25:$C$124<=$C31+ANALYSIS!$G$6)))} -> 5 | T31: {=IF(AZ31>0,0,SUMPRODUCT((AZ$25:AZ$124=0)*($B$25:$B$124>=$B31)*($B$25:$B$124<=$B31+ANALYSIS!$G$5)*($C$25:$C$124>=$C31)*($C$25:$C$124<=$C31+ANALYSIS!$G$6)))} -> 5 | U31: {=IF(BA31>0,0,SUMPRODUCT((BA$25:BA$124=0)*($B$25:$B$124>=$B31)*($B$25:$B$124<=$B31+ANALYSIS!$G$5)*($C$25:$C$124>=$C31)*($C$25:$C$124<=$C31+ANALYSIS!$G$6)))} -> 5 | V31: {=IF(BB31>0,0,SUMPRODUCT((BB$25:BB$124=0)*($B$25:$B$124>=$B31)*($B$25:$B$124<=$B31+ANALYSIS!$G$5)*($C$25:$C$124>=$C31)*($C$25:$C$124<=$C31+ANALYSIS!$G$6)))} -> 3 | W31: {=IF(BC31>0,0,SUMPRODUCT((BC$25:BC$124=0)*($B$25:$B$124>=$B31)*($B$25:$B$124<=$B31+ANALYSIS!$G$5)*($C$25:$C$124>=$C31)*($C$25:$C$124<=$C31+ANALYSIS!$G$6)))} -> 2 | X31: {=IF(BD31>0,0,SUMPRODUCT((BD$25:BD$124=0)*($B$25:$B$124>=$B31)*($B$25:$B$124<=$B31+ANALYSIS!$G$5)*($C$25:$C$124>=$C31)*($C$25:$C$124<=$C31+ANALYSIS!$G$6)))} -> 2 | Y31: {=IF(BE31>0,0,SUMPRODUCT((BE$25:BE$124=0)*($B$25:$B$124>=$B31)*($B$25:$B$124<=$B31+ANALYSIS!$G$5)*($C$25:$C$124>=$C31)*($C$25:$C$124<=$C31+ANALYSIS!$G$6)))} -> 2 | ... AF31: {=IF(BL31>0,0,SUMPRODUCT((BL$25:BL$124=0)*($B$25:$B$124>=$B31)*($B$25:$B$124<=$B31+ANALYSIS!$G$5)*($C$25:$C$124>=$C31)*($C$25:$C$124<=$C31+ANALYSIS!$G$6)))} -> 0 | AH31: =IF(AND(AX31=0,$B31>=R$22,$B31<=R$22+ANALYSIS!$G$5,$C31>=R$23,$C31<=R$23+ANALYSIS!$G$6),1,0) -> 0 | AI31: =IF(AND(AY31=0,$B31>=S$22,$B31<=S$22+ANALYSIS!$G$5,$C31>=S$23,$C31<=S$23+ANALYSIS!$G$6),1,0) -> 0 | AJ31: =IF(AND(AZ31=0,$B31>=T$22,$B31<=T$22+ANALYSIS!$G$5,$C31>=T$23,$C31<=T$23+ANALYSIS!$G$6),1,0) -> 0 | AK31: =IF(AND(BA31=0,$B31>=U$22,$B31<=U$22+ANALYSIS!$G$5,$C31>=U$23,$C31<=U$23+ANALYSIS!$G$6),1,0) -> 0 | AL31: =IF(AND(BB31=0,$B31>=V$22,$B31<=V$22+ANALYSIS!$G$5,$C31>=V$23,$C31<=V$23+ANALYSIS!$G$6),1,0) -> 0 | AM31: =IF(AND(BC31=0,$B31>=W$22,$B31<=W$22+ANALYSIS!$G$5,$C31>=W$23,$C31<=W$23+ANALYSIS!$G$6),1,0) -> 0 | AN31: =IF(AND(BD31=0,$B31>=X$22,$B31<=X$22+ANALYSIS!$G$5,$C31>=X$23,$C31<=X$23+ANALYSIS!$G$6),1,0) -> 0 | AO31: =IF(AND(BE31=0,$B31>=Y$22,$B31<=Y$22+ANALYSIS!$G$5,$C31>=Y$23,$C31<=Y$23+ANALYSIS!$G$6),1,0) -> 0 | ... AV31: =IF(AND(BL31=0,$B31>=AF$22,$B31<=AF$22+ANALYSIS!$G$5,$C31>=AF$23,$C31<=AF$23+ANALYSIS!$G$6),1,0) -> 0 | AX31: 0 | AY31: =AX31+AH31 -> 0 | AZ31: =AY31+AI31 -> 0 | BA31: =AZ31+AJ31 -> 0 | BB31: =BA31+AK31 -> 0 | BC31: =BB31+AL31 -> 0 | BD31: =BC31+AM31 -> 0 | BE31: =BD31+AN31 -> 0 | BF31: =BE31+AO31 -> 0 | ... BM31: =BL31+AV31 -> 1
A32: =ANALYSIS!B38 -> 19-08 | B32: =ANALYSIS!E38 -> 53 | C32: =ANALYSIS!G38 -> 21.54 | D32: =IFERROR(MATCH(1,$AH32:$AV32,0),"") -> 4 | R32: {=IF(AX32>0,0,SUMPRODUCT((AX$25:AX$124=0)*($B$25:$B$124>=$B32)*($B$25:$B$124<=$B32+ANALYSIS!$G$5)*($C$25:$C$124>=$C32)*($C$25:$C$124<=$C32+ANALYSIS!$G$6)))} -> 6 | S32: {=IF(AY32>0,0,SUMPRODUCT((AY$25:AY$124=0)*($B$25:$B$124>=$B32)*($B$25:$B$124<=$B32+ANALYSIS!$G$5)*($C$25:$C$124>=$C32)*($C$25:$C$124<=$C32+ANALYSIS!$G$6)))} -> 6 | T32: {=IF(AZ32>0,0,SUMPRODUCT((AZ$25:AZ$124=0)*($B$25:$B$124>=$B32)*($B$25:$B$124<=$B32+ANALYSIS!$G$5)*($C$25:$C$124>=$C32)*($C$25:$C$124<=$C32+ANALYSIS!$G$6)))} -> 6 | U32: {=IF(BA32>0,0,SUMPRODUCT((BA$25:BA$124=0)*($B$25:$B$124>=$B32)*($B$25:$B$124<=$B32+ANALYSIS!$G$5)*($C$25:$C$124>=$C32)*($C$25:$C$124<=$C32+ANALYSIS!$G$6)))} -> 6 | V32: {=IF(BB32>0,0,SUMPRODUCT((BB$25:BB$124=0)*($B$25:$B$124>=$B32)*($B$25:$B$124<=$B32+ANALYSIS!$G$5)*($C$25:$C$124>=$C32)*($C$25:$C$124<=$C32+ANALYSIS!$G$6)))} -> 0 | W32: {=IF(BC32>0,0,SUMPRODUCT((BC$25:BC$124=0)*($B$25:$B$124>=$B32)*($B$25:$B$124<=$B32+ANALYSIS!$G$5)*($C$25:$C$124>=$C32)*($C$25:$C$124<=$C32+ANALYSIS!$G$6)))} -> 0 | X32: {=IF(BD32>0,0,SUMPRODUCT((BD$25:BD$124=0)*($B$25:$B$124>=$B32)*($B$25:$B$124<=$B32+ANALYSIS!$G$5)*($C$25:$C$124>=$C32)*($C$25:$C$124<=$C32+ANALYSIS!$G$6)))} -> 0 | Y32: {=IF(BE32>0,0,SUMPRODUCT((BE$25:BE$124=0)*($B$25:$B$124>=$B32)*($B$25:$B$124<=$B32+ANALYSIS!$G$5)*($C$25:$C$124>=$C32)*($C$25:$C$124<=$C32+ANALYSIS!$G$6)))} -> 0 | ... AF32: {=IF(BL32>0,0,SUMPRODUCT((BL$25:BL$124=0)*($B$25:$B$124>=$B32)*($B$25:$B$124<=$B32+ANALYSIS!$G$5)*($C$25:$C$124>=$C32)*($C$25:$C$124<=$C32+ANALYSIS!$G$6)))} -> 0 | AH32: =IF(AND(AX32=0,$B32>=R$22,$B32<=R$22+ANALYSIS!$G$5,$C32>=R$23,$C32<=R$23+ANALYSIS!$G$6),1,0) -> 0 | AI32: =IF(AND(AY32=0,$B32>=S$22,$B32<=S$22+ANALYSIS!$G$5,$C32>=S$23,$C32<=S$23+ANALYSIS!$G$6),1,0) -> 0 | AJ32: =IF(AND(AZ32=0,$B32>=T$22,$B32<=T$22+ANALYSIS!$G$5,$C32>=T$23,$C32<=T$23+ANALYSIS!$G$6),1,0) -> 0 | AK32: =IF(AND(BA32=0,$B32>=U$22,$B32<=U$22+ANALYSIS!$G$5,$C32>=U$23,$C32<=U$23+ANALYSIS!$G$6),1,0) -> 1 | AL32: =IF(AND(BB32=0,$B32>=V$22,$B32<=V$22+ANALYSIS!$G$5,$C32>=V$23,$C32<=V$23+ANALYSIS!$G$6),1,0) -> 0 | AM32: =IF(AND(BC32=0,$B32>=W$22,$B32<=W$22+ANALYSIS!$G$5,$C32>=W$23,$C32<=W$23+ANALYSIS!$G$6),1,0) -> 0 | AN32: =IF(AND(BD32=0,$B32>=X$22,$B32<=X$22+ANALYSIS!$G$5,$C32>=X$23,$C32<=X$23+ANALYSIS!$G$6),1,0) -> 0 | AO32: =IF(AND(BE32=0,$B32>=Y$22,$B32<=Y$22+ANALYSIS!$G$5,$C32>=Y$23,$C32<=Y$23+ANALYSIS!$G$6),1,0) -> 0 | ... AV32: =IF(AND(BL32=0,$B32>=AF$22,$B32<=AF$22+ANALYSIS!$G$5,$C32>=AF$23,$C32<=AF$23+ANALYSIS!$G$6),1,0) -> 0 | AX32: 0 | AY32: =AX32+AH32 -> 0 | AZ32: =AY32+AI32 -> 0 | BA32: =AZ32+AJ32 -> 0 | BB32: =BA32+AK32 -> 1 | BC32: =BB32+AL32 -> 1 | BD32: =BC32+AM32 -> 1 | BE32: =BD32+AN32 -> 1 | BF32: =BE32+AO32 -> 1 | ... BM32: =BL32+AV32 -> 1
A33: =ANALYSIS!B39 -> 19-09 | B33: =ANALYSIS!E39 -> 50 | C33: =ANALYSIS!G39 -> 22.67 | D33: =IFERROR(MATCH(1,$AH33:$AV33,0),"") -> 8 | R33: {=IF(AX33>0,0,SUMPRODUCT((AX$25:AX$124=0)*($B$25:$B$124>=$B33)*($B$25:$B$124<=$B33+ANALYSIS!$G$5)*($C$25:$C$124>=$C33)*($C$25:$C$124<=$C33+ANALYSIS!$G$6)))} -> 6 | S33: {=IF(AY33>0,0,SUMPRODUCT((AY$25:AY$124=0)*($B$25:$B$124>=$B33)*($B$25:$B$124<=$B33+ANALYSIS!$G$5)*($C$25:$C$124>=$C33)*($C$25:$C$124<=$C33+ANALYSIS!$G$6)))} -> 6 | T33: {=IF(AZ33>0,0,SUMPRODUCT((AZ$25:AZ$124=0)*($B$25:$B$124>=$B33)*($B$25:$B$124<=$B33+ANALYSIS!$G$5)*($C$25:$C$124>=$C33)*($C$25:$C$124<=$C33+ANALYSIS!$G$6)))} -> 4 | U33: {=IF(BA33>0,0,SUMPRODUCT((BA$25:BA$124=0)*($B$25:$B$124>=$B33)*($B$25:$B$124<=$B33+ANALYSIS!$G$5)*($C$25:$C$124>=$C33)*($C$25:$C$124<=$C33+ANALYSIS!$G$6)))} -> 4 | V33: {=IF(BB33>0,0,SUMPRODUCT((BB$25:BB$124=0)*($B$25:$B$124>=$B33)*($B$25:$B$124<=$B33+ANALYSIS!$G$5)*($C$25:$C$124>=$C33)*($C$25:$C$124<=$C33+ANALYSIS!$G$6)))} -> 4 | W33: {=IF(BC33>0,0,SUMPRODUCT((BC$25:BC$124=0)*($B$25:$B$124>=$B33)*($B$25:$B$124<=$B33+ANALYSIS!$G$5)*($C$25:$C$124>=$C33)*($C$25:$C$124<=$C33+ANALYSIS!$G$6)))} -> 4 | X33: {=IF(BD33>0,0,SUMPRODUCT((BD$25:BD$124=0)*($B$25:$B$124>=$B33)*($B$25:$B$124<=$B33+ANALYSIS!$G$5)*($C$25:$C$124>=$C33)*($C$25:$C$124<=$C33+ANALYSIS!$G$6)))} -> 4 | Y33: {=IF(BE33>0,0,SUMPRODUCT((BE$25:BE$124=0)*($B$25:$B$124>=$B33)*($B$25:$B$124<=$B33+ANALYSIS!$G$5)*($C$25:$C$124>=$C33)*($C$25:$C$124<=$C33+ANALYSIS!$G$6)))} -> 4 | ... AF33: {=IF(BL33>0,0,SUMPRODUCT((BL$25:BL$124=0)*($B$25:$B$124>=$B33)*($B$25:$B$124<=$B33+ANALYSIS!$G$5)*($C$25:$C$124>=$C33)*($C$25:$C$124<=$C33+ANALYSIS!$G$6)))} -> 0 | AH33: =IF(AND(AX33=0,$B33>=R$22,$B33<=R$22+ANALYSIS!$G$5,$C33>=R$23,$C33<=R$23+ANALYSIS!$G$6),1,0) -> 0 | AI33: =IF(AND(AY33=0,$B33>=S$22,$B33<=S$22+ANALYSIS!$G$5,$C33>=S$23,$C33<=S$23+ANALYSIS!$G$6),1,0) -> 0 | AJ33: =IF(AND(AZ33=0,$B33>=T$22,$B33<=T$22+ANALYSIS!$G$5,$C33>=T$23,$C33<=T$23+ANALYSIS!$G$6),1,0) -> 0 | AK33: =IF(AND(BA33=0,$B33>=U$22,$B33<=U$22+ANALYSIS!$G$5,$C33>=U$23,$C33<=U$23+ANALYSIS!$G$6),1,0) -> 0 | AL33: =IF(AND(BB33=0,$B33>=V$22,$B33<=V$22+ANALYSIS!$G$5,$C33>=V$23,$C33<=V$23+ANALYSIS!$G$6),1,0) -> 0 | AM33: =IF(AND(BC33=0,$B33>=W$22,$B33<=W$22+ANALYSIS!$G$5,$C33>=W$23,$C33<=W$23+ANALYSIS!$G$6),1,0) -> 0 | AN33: =IF(AND(BD33=0,$B33>=X$22,$B33<=X$22+ANALYSIS!$G$5,$C33>=X$23,$C33<=X$23+ANALYSIS!$G$6),1,0) -> 0 | AO33: =IF(AND(BE33=0,$B33>=Y$22,$B33<=Y$22+ANALYSIS!$G$5,$C33>=Y$23,$C33<=Y$23+ANALYSIS!$G$6),1,0) -> 1 | ... AV33: =IF(AND(BL33=0,$B33>=AF$22,$B33<=AF$22+ANALYSIS!$G$5,$C33>=AF$23,$C33<=AF$23+ANALYSIS!$G$6),1,0) -> 0 | AX33: 0 | AY33: =AX33+AH33 -> 0 | AZ33: =AY33+AI33 -> 0 | BA33: =AZ33+AJ33 -> 0 | BB33: =BA33+AK33 -> 0 | BC33: =BB33+AL33 -> 0 | BD33: =BC33+AM33 -> 0 | BE33: =BD33+AN33 -> 0 | BF33: =BE33+AO33 -> 1 | ... BM33: =BL33+AV33 -> 1
A34: =ANALYSIS!B40 -> 19-10 | B34: =ANALYSIS!E40 -> 56 | C34: =ANALYSIS!G40 -> 24.67 | D34: =IFERROR(MATCH(1,$AH34:$AV34,0),"") -> 10 | R34: {=IF(AX34>0,0,SUMPRODUCT((AX$25:AX$124=0)*($B$25:$B$124>=$B34)*($B$25:$B$124<=$B34+ANALYSIS!$G$5)*($C$25:$C$124>=$C34)*($C$25:$C$124<=$C34+ANALYSIS!$G$6)))} -> 5 | S34: {=IF(AY34>0,0,SUMPRODUCT((AY$25:AY$124=0)*($B$25:$B$124>=$B34)*($B$25:$B$124<=$B34+ANALYSIS!$G$5)*($C$25:$C$124>=$C34)*($C$25:$C$124<=$C34+ANALYSIS!$G$6)))} -> 5 | T34: {=IF(AZ34>0,0,SUMPRODUCT((AZ$25:AZ$124=0)*($B$25:$B$124>=$B34)*($B$25:$B$124<=$B34+ANALYSIS!$G$5)*($C$25:$C$124>=$C34)*($C$25:$C$124<=$C34+ANALYSIS!$G$6)))} -> 5 | U34: {=IF(BA34>0,0,SUMPRODUCT((BA$25:BA$124=0)*($B$25:$B$124>=$B34)*($B$25:$B$124<=$B34+ANALYSIS!$G$5)*($C$25:$C$124>=$C34)*($C$25:$C$124<=$C34+ANALYSIS!$G$6)))} -> 3 | V34: {=IF(BB34>0,0,SUMPRODUCT((BB$25:BB$124=0)*($B$25:$B$124>=$B34)*($B$25:$B$124<=$B34+ANALYSIS!$G$5)*($C$25:$C$124>=$C34)*($C$25:$C$124<=$C34+ANALYSIS!$G$6)))} -> 3 | W34: {=IF(BC34>0,0,SUMPRODUCT((BC$25:BC$124=0)*($B$25:$B$124>=$B34)*($B$25:$B$124<=$B34+ANALYSIS!$G$5)*($C$25:$C$124>=$C34)*($C$25:$C$124<=$C34+ANALYSIS!$G$6)))} -> 3 | X34: {=IF(BD34>0,0,SUMPRODUCT((BD$25:BD$124=0)*($B$25:$B$124>=$B34)*($B$25:$B$124<=$B34+ANALYSIS!$G$5)*($C$25:$C$124>=$C34)*($C$25:$C$124<=$C34+ANALYSIS!$G$6)))} -> 3 | Y34: {=IF(BE34>0,0,SUMPRODUCT((BE$25:BE$124=0)*($B$25:$B$124>=$B34)*($B$25:$B$124<=$B34+ANALYSIS!$G$5)*($C$25:$C$124>=$C34)*($C$25:$C$124<=$C34+ANALYSIS!$G$6)))} -> 3 | ... AF34: {=IF(BL34>0,0,SUMPRODUCT((BL$25:BL$124=0)*($B$25:$B$124>=$B34)*($B$25:$B$124<=$B34+ANALYSIS!$G$5)*($C$25:$C$124>=$C34)*($C$25:$C$124<=$C34+ANALYSIS!$G$6)))} -> 0 | AH34: =IF(AND(AX34=0,$B34>=R$22,$B34<=R$22+ANALYSIS!$G$5,$C34>=R$23,$C34<=R$23+ANALYSIS!$G$6),1,0) -> 0 | AI34: =IF(AND(AY34=0,$B34>=S$22,$B34<=S$22+ANALYSIS!$G$5,$C34>=S$23,$C34<=S$23+ANALYSIS!$G$6),1,0) -> 0 | AJ34: =IF(AND(AZ34=0,$B34>=T$22,$B34<=T$22+ANALYSIS!$G$5,$C34>=T$23,$C34<=T$23+ANALYSIS!$G$6),1,0) -> 0 | AK34: =IF(AND(BA34=0,$B34>=U$22,$B34<=U$22+ANALYSIS!$G$5,$C34>=U$23,$C34<=U$23+ANALYSIS!$G$6),1,0) -> 0 | AL34: =IF(AND(BB34=0,$B34>=V$22,$B34<=V$22+ANALYSIS!$G$5,$C34>=V$23,$C34<=V$23+ANALYSIS!$G$6),1,0) -> 0 | AM34: =IF(AND(BC34=0,$B34>=W$22,$B34<=W$22+ANALYSIS!$G$5,$C34>=W$23,$C34<=W$23+ANALYSIS!$G$6),1,0) -> 0 | AN34: =IF(AND(BD34=0,$B34>=X$22,$B34<=X$22+ANALYSIS!$G$5,$C34>=X$23,$C34<=X$23+ANALYSIS!$G$6),1,0) -> 0 | AO34: =IF(AND(BE34=0,$B34>=Y$22,$B34<=Y$22+ANALYSIS!$G$5,$C34>=Y$23,$C34<=Y$23+ANALYSIS!$G$6),1,0) -> 0 | ... AV34: =IF(AND(BL34=0,$B34>=AF$22,$B34<=AF$22+ANALYSIS!$G$5,$C34>=AF$23,$C34<=AF$23+ANALYSIS!$G$6),1,0) -> 0 | AX34: 0 | AY34: =AX34+AH34 -> 0 | AZ34: =AY34+AI34 -> 0 | BA34: =AZ34+AJ34 -> 0 | BB34: =BA34+AK34 -> 0 | BC34: =BB34+AL34 -> 0 | BD34: =BC34+AM34 -> 0 | BE34: =BD34+AN34 -> 0 | BF34: =BE34+AO34 -> 0 | ... BM34: =BL34+AV34 -> 1
A35: =ANALYSIS!B41 -> 19-11 | B35: =ANALYSIS!E41 -> 52 | C35: =ANALYSIS!G41 -> 23.14 | D35: =IFERROR(MATCH(1,$AH35:$AV35,0),"") -> 8 | R35: {=IF(AX35>0,0,SUMPRODUCT((AX$25:AX$124=0)*($B$25:$B$124>=$B35)*($B$25:$B$124<=$B35+ANALYSIS!$G$5)*($C$25:$C$124>=$C35)*($C$25:$C$124<=$C35+ANALYSIS!$G$6)))} -> 5 | S35: {=IF(AY35>0,0,SUMPRODUCT((AY$25:AY$124=0)*($B$25:$B$124>=$B35)*($B$25:$B$124<=$B35+ANALYSIS!$G$5)*($C$25:$C$124>=$C35)*($C$25:$C$124<=$C35+ANALYSIS!$G$6)))} -> 5 | T35: {=IF(AZ35>0,0,SUMPRODUCT((AZ$25:AZ$124=0)*($B$25:$B$124>=$B35)*($B$25:$B$124<=$B35+ANALYSIS!$G$5)*($C$25:$C$124>=$C35)*($C$25:$C$124<=$C35+ANALYSIS!$G$6)))} -> 2 | U35: {=IF(BA35>0,0,SUMPRODUCT((BA$25:BA$124=0)*($B$25:$B$124>=$B35)*($B$25:$B$124<=$B35+ANALYSIS!$G$5)*($C$25:$C$124>=$C35)*($C$25:$C$124<=$C35+ANALYSIS!$G$6)))} -> 2 | V35: {=IF(BB35>0,0,SUMPRODUCT((BB$25:BB$124=0)*($B$25:$B$124>=$B35)*($B$25:$B$124<=$B35+ANALYSIS!$G$5)*($C$25:$C$124>=$C35)*($C$25:$C$124<=$C35+ANALYSIS!$G$6)))} -> 2 | W35: {=IF(BC35>0,0,SUMPRODUCT((BC$25:BC$124=0)*($B$25:$B$124>=$B35)*($B$25:$B$124<=$B35+ANALYSIS!$G$5)*($C$25:$C$124>=$C35)*($C$25:$C$124<=$C35+ANALYSIS!$G$6)))} -> 2 | X35: {=IF(BD35>0,0,SUMPRODUCT((BD$25:BD$124=0)*($B$25:$B$124>=$B35)*($B$25:$B$124<=$B35+ANALYSIS!$G$5)*($C$25:$C$124>=$C35)*($C$25:$C$124<=$C35+ANALYSIS!$G$6)))} -> 1 | Y35: {=IF(BE35>0,0,SUMPRODUCT((BE$25:BE$124=0)*($B$25:$B$124>=$B35)*($B$25:$B$124<=$B35+ANALYSIS!$G$5)*($C$25:$C$124>=$C35)*($C$25:$C$124<=$C35+ANALYSIS!$G$6)))} -> 1 | ... AF35: {=IF(BL35>0,0,SUMPRODUCT((BL$25:BL$124=0)*($B$25:$B$124>=$B35)*($B$25:$B$124<=$B35+ANALYSIS!$G$5)*($C$25:$C$124>=$C35)*($C$25:$C$124<=$C35+ANALYSIS!$G$6)))} -> 0 | AH35: =IF(AND(AX35=0,$B35>=R$22,$B35<=R$22+ANALYSIS!$G$5,$C35>=R$23,$C35<=R$23+ANALYSIS!$G$6),1,0) -> 0 | AI35: =IF(AND(AY35=0,$B35>=S$22,$B35<=S$22+ANALYSIS!$G$5,$C35>=S$23,$C35<=S$23+ANALYSIS!$G$6),1,0) -> 0 | AJ35: =IF(AND(AZ35=0,$B35>=T$22,$B35<=T$22+ANALYSIS!$G$5,$C35>=T$23,$C35<=T$23+ANALYSIS!$G$6),1,0) -> 0 | AK35: =IF(AND(BA35=0,$B35>=U$22,$B35<=U$22+ANALYSIS!$G$5,$C35>=U$23,$C35<=U$23+ANALYSIS!$G$6),1,0) -> 0 | AL35: =IF(AND(BB35=0,$B35>=V$22,$B35<=V$22+ANALYSIS!$G$5,$C35>=V$23,$C35<=V$23+ANALYSIS!$G$6),1,0) -> 0 | AM35: =IF(AND(BC35=0,$B35>=W$22,$B35<=W$22+ANALYSIS!$G$5,$C35>=W$23,$C35<=W$23+ANALYSIS!$G$6),1,0) -> 0 | AN35: =IF(AND(BD35=0,$B35>=X$22,$B35<=X$22+ANALYSIS!$G$5,$C35>=X$23,$C35<=X$23+ANALYSIS!$G$6),1,0) -> 0 | AO35: =IF(AND(BE35=0,$B35>=Y$22,$B35<=Y$22+ANALYSIS!$G$5,$C35>=Y$23,$C35<=Y$23+ANALYSIS!$G$6),1,0) -> 1 | ... AV35: =IF(AND(BL35=0,$B35>=AF$22,$B35<=AF$22+ANALYSIS!$G$5,$C35>=AF$23,$C35<=AF$23+ANALYSIS!$G$6),1,0) -> 0 | AX35: 0 | AY35: =AX35+AH35 -> 0 | AZ35: =AY35+AI35 -> 0 | BA35: =AZ35+AJ35 -> 0 | BB35: =BA35+AK35 -> 0 | BC35: =BB35+AL35 -> 0 | BD35: =BC35+AM35 -> 0 | BE35: =BD35+AN35 -> 0 | BF35: =BE35+AO35 -> 1 | ... BM35: =BL35+AV35 -> 1
A36: =ANALYSIS!B42 -> 19-12 | B36: =ANALYSIS!E42 -> 57.5 | C36: =ANALYSIS!G42 -> 24.3 | D36: =IFERROR(MATCH(1,$AH36:$AV36,0),"") -> 1 | R36: {=IF(AX36>0,0,SUMPRODUCT((AX$25:AX$124=0)*($B$25:$B$124>=$B36)*($B$25:$B$124<=$B36+ANALYSIS!$G$5)*($C$25:$C$124>=$C36)*($C$25:$C$124<=$C36+ANALYSIS!$G$6)))} -> 4 | S36: {=IF(AY36>0,0,SUMPRODUCT((AY$25:AY$124=0)*($B$25:$B$124>=$B36)*($B$25:$B$124<=$B36+ANALYSIS!$G$5)*($C$25:$C$124>=$C36)*($C$25:$C$124<=$C36+ANALYSIS!$G$6)))} -> 0 | T36: {=IF(AZ36>0,0,SUMPRODUCT((AZ$25:AZ$124=0)*($B$25:$B$124>=$B36)*($B$25:$B$124<=$B36+ANALYSIS!$G$5)*($C$25:$C$124>=$C36)*($C$25:$C$124<=$C36+ANALYSIS!$G$6)))} -> 0 | U36: {=IF(BA36>0,0,SUMPRODUCT((BA$25:BA$124=0)*($B$25:$B$124>=$B36)*($B$25:$B$124<=$B36+ANALYSIS!$G$5)*($C$25:$C$124>=$C36)*($C$25:$C$124<=$C36+ANALYSIS!$G$6)))} -> 0 | V36: {=IF(BB36>0,0,SUMPRODUCT((BB$25:BB$124=0)*($B$25:$B$124>=$B36)*($B$25:$B$124<=$B36+ANALYSIS!$G$5)*($C$25:$C$124>=$C36)*($C$25:$C$124<=$C36+ANALYSIS!$G$6)))} -> 0 | W36: {=IF(BC36>0,0,SUMPRODUCT((BC$25:BC$124=0)*($B$25:$B$124>=$B36)*($B$25:$B$124<=$B36+ANALYSIS!$G$5)*($C$25:$C$124>=$C36)*($C$25:$C$124<=$C36+ANALYSIS!$G$6)))} -> 0 | X36: {=IF(BD36>0,0,SUMPRODUCT((BD$25:BD$124=0)*($B$25:$B$124>=$B36)*($B$25:$B$124<=$B36+ANALYSIS!$G$5)*($C$25:$C$124>=$C36)*($C$25:$C$124<=$C36+ANALYSIS!$G$6)))} -> 0 | Y36: {=IF(BE36>0,0,SUMPRODUCT((BE$25:BE$124=0)*($B$25:$B$124>=$B36)*($B$25:$B$124<=$B36+ANALYSIS!$G$5)*($C$25:$C$124>=$C36)*($C$25:$C$124<=$C36+ANALYSIS!$G$6)))} -> 0 | ... AF36: {=IF(BL36>0,0,SUMPRODUCT((BL$25:BL$124=0)*($B$25:$B$124>=$B36)*($B$25:$B$124<=$B36+ANALYSIS!$G$5)*($C$25:$C$124>=$C36)*($C$25:$C$124<=$C36+ANALYSIS!$G$6)))} -> 0 | AH36: =IF(AND(AX36=0,$B36>=R$22,$B36<=R$22+ANALYSIS!$G$5,$C36>=R$23,$C36<=R$23+ANALYSIS!$G$6),1,0) -> 1 | AI36: =IF(AND(AY36=0,$B36>=S$22,$B36<=S$22+ANALYSIS!$G$5,$C36>=S$23,$C36<=S$23+ANALYSIS!$G$6),1,0) -> 0 | AJ36: =IF(AND(AZ36=0,$B36>=T$22,$B36<=T$22+ANALYSIS!$G$5,$C36>=T$23,$C36<=T$23+ANALYSIS!$G$6),1,0) -> 0 | AK36: =IF(AND(BA36=0,$B36>=U$22,$B36<=U$22+ANALYSIS!$G$5,$C36>=U$23,$C36<=U$23+ANALYSIS!$G$6),1,0) -> 0 | AL36: =IF(AND(BB36=0,$B36>=V$22,$B36<=V$22+ANALYSIS!$G$5,$C36>=V$23,$C36<=V$23+ANALYSIS!$G$6),1,0) -> 0 | AM36: =IF(AND(BC36=0,$B36>=W$22,$B36<=W$22+ANALYSIS!$G$5,$C36>=W$23,$C36<=W$23+ANALYSIS!$G$6),1,0) -> 0 | AN36: =IF(AND(BD36=0,$B36>=X$22,$B36<=X$22+ANALYSIS!$G$5,$C36>=X$23,$C36<=X$23+ANALYSIS!$G$6),1,0) -> 0 | AO36: =IF(AND(BE36=0,$B36>=Y$22,$B36<=Y$22+ANALYSIS!$G$5,$C36>=Y$23,$C36<=Y$23+ANALYSIS!$G$6),1,0) -> 0 | ... AV36: =IF(AND(BL36=0,$B36>=AF$22,$B36<=AF$22+ANALYSIS!$G$5,$C36>=AF$23,$C36<=AF$23+ANALYSIS!$G$6),1,0) -> 0 | AX36: 0 | AY36: =AX36+AH36 -> 1 | AZ36: =AY36+AI36 -> 1 | BA36: =AZ36+AJ36 -> 1 | BB36: =BA36+AK36 -> 1 | BC36: =BB36+AL36 -> 1 | BD36: =BC36+AM36 -> 1 | BE36: =BD36+AN36 -> 1 | BF36: =BE36+AO36 -> 1 | ... BM36: =BL36+AV36 -> 1
... A124: =ANALYSIS!B130 -> 20-50 | B124: =ANALYSIS!E130 -> 57 | C124: =ANALYSIS!G130 -> 24.41 | D124: =IFERROR(MATCH(1,$AH124:$AV124,0),"") -> 12 | R124: {=IF(AX124>0,0,SUMPRODUCT((AX$25:AX$124=0)*($B$25:$B$124>=$B124)*($B$25:$B$124<=$B124+ANALYSIS!$G$5)*($C$25:$C$124>=$C124)*($C$25:$C$124<=$C124+ANALYSIS!$G$6)))} -> 4 | S124: {=IF(AY124>0,0,SUMPRODUCT((AY$25:AY$124=0)*($B$25:$B$124>=$B124)*($B$25:$B$124<=$B124+ANALYSIS!$G$5)*($C$25:$C$124>=$C124)*($C$25:$C$124<=$C124+ANALYSIS!$G$6)))} -> 4 | T124: {=IF(AZ124>0,0,SUMPRODUCT((AZ$25:AZ$124=0)*($B$25:$B$124>=$B124)*($B$25:$B$124<=$B124+ANALYSIS!$G$5)*($C$25:$C$124>=$C124)*($C$25:$C$124<=$C124+ANALYSIS!$G$6)))} -> 4 | U124: {=IF(BA124>0,0,SUMPRODUCT((BA$25:BA$124=0)*($B$25:$B$124>=$B124)*($B$25:$B$124<=$B124+ANALYSIS!$G$5)*($C$25:$C$124>=$C124)*($C$25:$C$124<=$C124+ANALYSIS!$G$6)))} -> 4 | V124: {=IF(BB124>0,0,SUMPRODUCT((BB$25:BB$124=0)*($B$25:$B$124>=$B124)*($B$25:$B$124<=$B124+ANALYSIS!$G$5)*($C$25:$C$124>=$C124)*($C$25:$C$124<=$C124+ANALYSIS!$G$6)))} -> 4 | W124: {=IF(BC124>0,0,SUMPRODUCT((BC$25:BC$124=0)*($B$25:$B$124>=$B124)*($B$25:$B$124<=$B124+ANALYSIS!$G$5)*($C$25:$C$124>=$C124)*($C$25:$C$124<=$C124+ANALYSIS!$G$6)))} -> 4 | X124: {=IF(BD124>0,0,SUMPRODUCT((BD$25:BD$124=0)*($B$25:$B$124>=$B124)*($B$25:$B$124<=$B124+ANALYSIS!$G$5)*($C$25:$C$124>=$C124)*($C$25:$C$124<=$C124+ANALYSIS!$G$6)))} -> 4 | Y124: {=IF(BE124>0,0,SUMPRODUCT((BE$25:BE$124=0)*($B$25:$B$124>=$B124)*($B$25:$B$124<=$B124+ANALYSIS!$G$5)*($C$25:$C$124>=$C124)*($C$25:$C$124<=$C124+ANALYSIS!$G$6)))} -> 4 | ... AF124: {=IF(BL124>0,0,SUMPRODUCT((BL$25:BL$124=0)*($B$25:$B$124>=$B124)*($B$25:$B$124<=$B124+ANALYSIS!$G$5)*($C$25:$C$124>=$C124)*($C$25:$C$124<=$C124+ANALYSIS!$G$6)))} -> 0 | AH124: =IF(AND(AX124=0,$B124>=R$22,$B124<=R$22+ANALYSIS!$G$5,$C124>=R$23,$C124<=R$23+ANALYSIS!$G$6),1,0) -> 0 | AI124: =IF(AND(AY124=0,$B124>=S$22,$B124<=S$22+ANALYSIS!$G$5,$C124>=S$23,$C124<=S$23+ANALYSIS!$G$6),1,0) -> 0 | AJ124: =IF(AND(AZ124=0,$B124>=T$22,$B124<=T$22+ANALYSIS!$G$5,$C124>=T$23,$C124<=T$23+ANALYSIS!$G$6),1,0) -> 0 | AK124: =IF(AND(BA124=0,$B124>=U$22,$B124<=U$22+ANALYSIS!$G$5,$C124>=U$23,$C124<=U$23+ANALYSIS!$G$6),1,0) -> 0 | AL124: =IF(AND(BB124=0,$B124>=V$22,$B124<=V$22+ANALYSIS!$G$5,$C124>=V$23,$C124<=V$23+ANALYSIS!$G$6),1,0) -> 0 | AM124: =IF(AND(BC124=0,$B124>=W$22,$B124<=W$22+ANALYSIS!$G$5,$C124>=W$23,$C124<=W$23+ANALYSIS!$G$6),1,0) -> 0 | AN124: =IF(AND(BD124=0,$B124>=X$22,$B124<=X$22+ANALYSIS!$G$5,$C124>=X$23,$C124<=X$23+ANALYSIS!$G$6),1,0) -> 0 | AO124: =IF(AND(BE124=0,$B124>=Y$22,$B124<=Y$22+ANALYSIS!$G$5,$C124>=Y$23,$C124<=Y$23+ANALYSIS!$G$6),1,0) -> 0 | ... AV124: =IF(AND(BL124=0,$B124>=AF$22,$B124<=AF$22+ANALYSIS!$G$5,$C124>=AF$23,$C124<=AF$23+ANALYSIS!$G$6),1,0) -> 0 | AX124: 0 | AY124: =AX124+AH124 -> 0 | AZ124: =AY124+AI124 -> 0 | BA124: =AZ124+AJ124 -> 0 | BB124: =BA124+AK124 -> 0 | BC124: =BB124+AL124 -> 0 | BD124: =BC124+AM124 -> 0 | BE124: =BD124+AN124 -> 0 | BF124: =BE124+AO124 -> 0 | ... BM124: =BL124+AV124 -> 1

Sheet GROUPS
A1: ="Arrow Groups — within "&$B$6&" lb spine and "&$B$7&" g weight" -> Arrow Groups — within 3 lb spine and 0.5 g weight
A2: ="Method: each shaft is placed in a spine band "&$B$6&" lb wide and a weight band "&$B$7&" g wide. Every shaft sharing a band pair is therefore within "&$B$6&" lb of spine and "&$B$7&" g of weight of every other member. Group size is unrestricted." -> Method: each shaft is placed in a spine band 3 lb wide and a weight band 0.5 g wide. Every shaft sharing a band pair is therefore within 3 lb of spine and 0.5 g of weight of every other member. Group size is unrestricted.
A3: Caveat: fixed band edges can split two near-identical shafts (e.g. 22.98 g vs 23.02 g). Shift the band edges by changing the tolerances on ANALYSIS, or check neighbouring rows in the matrix below.
A5: Tolerances (set on ANALYSIS)
A6: Max spine spread (lb) | B6: =ANALYSIS!$G$5 -> 3
A7: Max weight spread (g) | B7: =ANALYSIS!$G$6 -> 0.5
A8: Min shafts to count as usable | B8: =ANALYSIS!$G$7 -> 3
A9: Distinct groups found | B9: =COUNTA(B15:B80) -> 29 | C9: Largest group (shafts) | D9: =MAX(E15:E80) -> 10
A10: Usable groups (≥ min size) | B10: =COUNTIF(M15:M80,"Yes") -> 15 | C10: Usable groups fully in 55–60 lb | D10: =COUNTIFS(M15:M80,"Yes",L15:L80,"Yes") -> 12
A11: Shafts inside usable groups | B11: =SUMIF(M15:M80,"Yes",E15:E80) -> 79 | C11: Shafts in usable, in-spec groups | D11: =SUMIFS(E15:E80,M15:M80,"Yes",L15:L80,"Yes") -> 64
A13: Group list (sorted largest first)
A14: ID | B14: Group key | C14: Spine band (lb) | D14: Wt band (g) | E14: Shafts | F14: Min spine | G14: Max spine | H14: Spine spread | I14: Min wt (g) | J14: Max wt (g) | K14: Wt spread (g) | L14: All in 55–60? | M14: Usable? | N14: Member shafts
A15: =IF($B15="","",ROW()-14) -> 1 | B15: {=_xlfn.SORTBY(_xlfn.UNIQUE(ANALYSIS!$O$31:$O$130),COUNTIF(ANALYSIS!$O$31:$O$130,_xlfn.UNIQUE(ANALYSIS!$O$31:$O$130)),-1,_xlfn.UNIQUE(ANALYSIS!$O$31:$O$130),1)} -> 54.0 lb / 23.5 g | C15: =IF($B15="","",_xlfn.MINIFS(ANALYSIS!$M$31:$M$130,ANALYSIS!$O$31:$O$130,$B15)) -> 54 | D15: =IF($B15="","",_xlfn.MINIFS(ANALYSIS!$N$31:$N$130,ANALYSIS!$O$31:$O$130,$B15)) -> 23.5 | E15: =IF($B15="","",COUNTIF(ANALYSIS!$O$31:$O$130,$B15)) -> 10 | F15: =IF($B15="","",_xlfn.MINIFS(ANALYSIS!$E$31:$E$130,ANALYSIS!$O$31:$O$130,$B15)) -> 55 | G15: =IF($B15="","",_xlfn.MAXIFS(ANALYSIS!$E$31:$E$130,ANALYSIS!$O$31:$O$130,$B15)) -> 56 | H15: =IF($B15="","",G15-F15) -> 1 | I15: =IF($B15="","",_xlfn.MINIFS(ANALYSIS!$G$31:$G$130,ANALYSIS!$O$31:$O$130,$B15)) -> 23.71 | J15: =IF($B15="","",_xlfn.MAXIFS(ANALYSIS!$G$31:$G$130,ANALYSIS!$O$31:$O$130,$B15)) -> 23.97 | K15: =IF($B15="","",J15-I15) -> 0.26 | L15: =IF($B15="","",IF(AND(F15>=ANALYSIS!$B$5,G15<=ANALYSIS!$B$6),"Yes","No")) -> Yes | M15: =IF($B15="","",IF(E15>=$B$8,"Yes","No")) -> Yes | N15: {=IF($B15="","",_xlfn.TEXTJOIN(", ",TRUE,IF(ANALYSIS!$O$31:$O$130=$B15,ANALYSIS!$B$31:$B$130,"")))} -> 19-06, 19-45, 20-03, 20-16, 20-21, 20-23, 20-33, 20-35, 20-44, 20-45
A16: =IF($B16="","",ROW()-14) -> 2 | B16: 54.0 lb / 23.0 g | C16: =IF($B16="","",_xlfn.MINIFS(ANALYSIS!$M$31:$M$130,ANALYSIS!$O$31:$O$130,$B16)) -> 54 | D16: =IF($B16="","",_xlfn.MINIFS(ANALYSIS!$N$31:$N$130,ANALYSIS!$O$31:$O$130,$B16)) -> 23 | E16: =IF($B16="","",COUNTIF(ANALYSIS!$O$31:$O$130,$B16)) -> 9 | F16: =IF($B16="","",_xlfn.MINIFS(ANALYSIS!$E$31:$E$130,ANALYSIS!$O$31:$O$130,$B16)) -> 54 | G16: =IF($B16="","",_xlfn.MAXIFS(ANALYSIS!$E$31:$E$130,ANALYSIS!$O$31:$O$130,$B16)) -> 56 | H16: =IF($B16="","",G16-F16) -> 2 | I16: =IF($B16="","",_xlfn.MINIFS(ANALYSIS!$G$31:$G$130,ANALYSIS!$O$31:$O$130,$B16)) -> 23.1 | J16: =IF($B16="","",_xlfn.MAXIFS(ANALYSIS!$G$31:$G$130,ANALYSIS!$O$31:$O$130,$B16)) -> 23.49 | K16: =IF($B16="","",J16-I16) -> 0.39 | L16: =IF($B16="","",IF(AND(F16>=ANALYSIS!$B$5,G16<=ANALYSIS!$B$6),"Yes","No")) -> Yes | M16: =IF($B16="","",IF(E16>=$B$8,"Yes","No")) -> Yes | N16: {=IF($B16="","",_xlfn.TEXTJOIN(", ",TRUE,IF(ANALYSIS!$O$31:$O$130=$B16,ANALYSIS!$B$31:$B$130,"")))} -> 19-01, 19-14, 19-15, 19-22, 19-28, 19-35, 19-43, 20-07, 20-26
A17: =IF($B17="","",ROW()-14) -> 3 | B17: 51.0 lb / 21.5 g | C17: =IF($B17="","",_xlfn.MINIFS(ANALYSIS!$M$31:$M$130,ANALYSIS!$O$31:$O$130,$B17)) -> 51 | D17: =IF($B17="","",_xlfn.MINIFS(ANALYSIS!$N$31:$N$130,ANALYSIS!$O$31:$O$130,$B17)) -> 21.5 | E17: =IF($B17="","",COUNTIF(ANALYSIS!$O$31:$O$130,$B17)) -> 6 | F17: =IF($B17="","",_xlfn.MINIFS(ANALYSIS!$E$31:$E$130,ANALYSIS!$O$31:$O$130,$B17)) -> 51 | G17: =IF($B17="","",_xlfn.MAXIFS(ANALYSIS!$E$31:$E$130,ANALYSIS!$O$31:$O$130,$B17)) -> 53.5 | H17: =IF($B17="","",G17-F17) -> 2.5 | I17: =IF($B17="","",_xlfn.MINIFS(ANALYSIS!$G$31:$G$130,ANALYSIS!$O$31:$O$130,$B17)) -> 21.54 | J17: =IF($B17="","",_xlfn.MAXIFS(ANALYSIS!$G$31:$G$130,ANALYSIS!$O$31:$O$130,$B17)) -> 21.81 | K17: =IF($B17="","",J17-I17) -> 0.27 | L17: =IF($B17="","",IF(AND(F17>=ANALYSIS!$B$5,G17<=ANALYSIS!$B$6),"Yes","No")) -> No | M17: =IF($B17="","",IF(E17>=$B$8,"Yes","No")) -> Yes | N17: {=IF($B17="","",_xlfn.TEXTJOIN(", ",TRUE,IF(ANALYSIS!$O$31:$O$130=$B17,ANALYSIS!$B$31:$B$130,"")))} -> 19-07, 19-08, 19-18, 19-44, 20-40, 20-47
A18: =IF($B18="","",ROW()-14) -> 4 | B18: 54.0 lb / 25.0 g | C18: =IF($B18="","",_xlfn.MINIFS(ANALYSIS!$M$31:$M$130,ANALYSIS!$O$31:$O$130,$B18)) -> 54 | D18: =IF($B18="","",_xlfn.MINIFS(ANALYSIS!$N$31:$N$130,ANALYSIS!$O$31:$O$130,$B18)) -> 25 | E18: =IF($B18="","",COUNTIF(ANALYSIS!$O$31:$O$130,$B18)) -> 6 | F18: =IF($B18="","",_xlfn.MINIFS(ANALYSIS!$E$31:$E$130,ANALYSIS!$O$31:$O$130,$B18)) -> 55 | G18: =IF($B18="","",_xlfn.MAXIFS(ANALYSIS!$E$31:$E$130,ANALYSIS!$O$31:$O$130,$B18)) -> 56.5 | H18: =IF($B18="","",G18-F18) -> 1.5 | I18: =IF($B18="","",_xlfn.MINIFS(ANALYSIS!$G$31:$G$130,ANALYSIS!$O$31:$O$130,$B18)) -> 25.09 | J18: =IF($B18="","",_xlfn.MAXIFS(ANALYSIS!$G$31:$G$130,ANALYSIS!$O$31:$O$130,$B18)) -> 25.35 | K18: =IF($B18="","",J18-I18) -> 0.26 | L18: =IF($B18="","",IF(AND(F18>=ANALYSIS!$B$5,G18<=ANALYSIS!$B$6),"Yes","No")) -> Yes | M18: =IF($B18="","",IF(E18>=$B$8,"Yes","No")) -> Yes | N18: {=IF($B18="","",_xlfn.TEXTJOIN(", ",TRUE,IF(ANALYSIS!$O$31:$O$130=$B18,ANALYSIS!$B$31:$B$130,"")))} -> 19-17, 19-23, 19-50, 20-09, 20-18, 20-29
A19: =IF($B19="","",ROW()-14) -> 5 | B19: 51.0 lb / 23.0 g | C19: =IF($B19="","",_xlfn.MINIFS(ANALYSIS!$M$31:$M$130,ANALYSIS!$O$31:$O$130,$B19)) -> 51 | D19: =IF($B19="","",_xlfn.MINIFS(ANALYSIS!$N$31:$N$130,ANALYSIS!$O$31:$O$130,$B19)) -> 23 | E19: =IF($B19="","",COUNTIF(ANALYSIS!$O$31:$O$130,$B19)) -> 5 | F19: =IF($B19="","",_xlfn.MINIFS(ANALYSIS!$E$31:$E$130,ANALYSIS!$O$31:$O$130,$B19)) -> 52 | G19: =IF($B19="","",_xlfn.MAXIFS(ANALYSIS!$E$31:$E$130,ANALYSIS!$O$31:$O$130,$B19)) -> 53 | H19: =IF($B19="","",G19-F19) -> 1 | I19: =IF($B19="","",_xlfn.MINIFS(ANALYSIS!$G$31:$G$130,ANALYSIS!$O$31:$O$130,$B19)) -> 23.02 | J19: =IF($B19="","",_xlfn.MAXIFS(ANALYSIS!$G$31:$G$130,ANALYSIS!$O$31:$O$130,$B19)) -> 23.46 | K19: =IF($B19="","",J19-I19) -> 0.44 | L19: =IF($B19="","",IF(AND(F19>=ANALYSIS!$B$5,G19<=ANALYSIS!$B$6),"Yes","No")) -> No | M19: =IF($B19="","",IF(E19>=$B$8,"Yes","No")) -> Yes | N19: {=IF($B19="","",_xlfn.TEXTJOIN(", ",TRUE,IF(ANALYSIS!$O$31:$O$130=$B19,ANALYSIS!$B$31:$B$130,"")))} -> 19-11, 19-40, 19-48, 20-02, 20-14
A20: =IF($B20="","",ROW()-14) -> 6 | B20: 54.0 lb / 22.0 g | C20: =IF($B20="","",_xlfn.MINIFS(ANALYSIS!$M$31:$M$130,ANALYSIS!$O$31:$O$130,$B20)) -> 54 | D20: =IF($B20="","",_xlfn.MINIFS(ANALYSIS!$N$31:$N$130,ANALYSIS!$O$31:$O$130,$B20)) -> 22 | E20: =IF($B20="","",COUNTIF(ANALYSIS!$O$31:$O$130,$B20)) -> 5 | F20: =IF($B20="","",_xlfn.MINIFS(ANALYSIS!$E$31:$E$130,ANALYSIS!$O$31:$O$130,$B20)) -> 55 | G20: =IF($B20="","",_xlfn.MAXIFS(ANALYSIS!$E$31:$E$130,ANALYSIS!$O$31:$O$130,$B20)) -> 56 | H20: =IF($B20="","",G20-F20) -> 1 | I20: =IF($B20="","",_xlfn.MINIFS(ANALYSIS!$G$31:$G$130,ANALYSIS!$O$31:$O$130,$B20)) -> 22.26 | J20: =IF($B20="","",_xlfn.MAXIFS(ANALYSIS!$G$31:$G$130,ANALYSIS!$O$31:$O$130,$B20)) -> 22.45 | K20: =IF($B20="","",J20-I20) -> 0.19 | L20: =IF($B20="","",IF(AND(F20>=ANALYSIS!$B$5,G20<=ANALYSIS!$B$6),"Yes","No")) -> Yes | M20: =IF($B20="","",IF(E20>=$B$8,"Yes","No")) -> Yes | N20: {=IF($B20="","",_xlfn.TEXTJOIN(", ",TRUE,IF(ANALYSIS!$O$31:$O$130=$B20,ANALYSIS!$B$31:$B$130,"")))} -> 19-34, 20-05, 20-06, 20-12, 20-22
A21: =IF($B21="","",ROW()-14) -> 7 | B21: 54.0 lb / 24.0 g | C21: =IF($B21="","",_xlfn.MINIFS(ANALYSIS!$M$31:$M$130,ANALYSIS!$O$31:$O$130,$B21)) -> 54 | D21: =IF($B21="","",_xlfn.MINIFS(ANALYSIS!$N$31:$N$130,ANALYSIS!$O$31:$O$130,$B21)) -> 24 | E21: =IF($B21="","",COUNTIF(ANALYSIS!$O$31:$O$130,$B21)) -> 5 | F21: =IF($B21="","",_xlfn.MINIFS(ANALYSIS!$E$31:$E$130,ANALYSIS!$O$31:$O$130,$B21)) -> 55 | G21: =IF($B21="","",_xlfn.MAXIFS(ANALYSIS!$E$31:$E$130,ANALYSIS!$O$31:$O$130,$B21)) -> 56.5 | H21: =IF($B21="","",G21-F21) -> 1.5 | I21: =IF($B21="","",_xlfn.MINIFS(ANALYSIS!$G$31:$G$130,ANALYSIS!$O$31:$O$130,$B21)) -> 24.03 | J21: =IF($B21="","",_xlfn.MAXIFS(ANALYSIS!$G$31:$G$130,ANALYSIS!$O$31:$O$130,$B21)) -> 24.35 | K21: =IF($B21="","",J21-I21) -> 0.32 | L21: =IF($B21="","",IF(AND(F21>=ANALYSIS!$B$5,G21<=ANALYSIS!$B$6),"Yes","No")) -> Yes | M21: =IF($B21="","",IF(E21>=$B$8,"Yes","No")) -> Yes | N21: {=IF($B21="","",_xlfn.TEXTJOIN(", ",TRUE,IF(ANALYSIS!$O$31:$O$130=$B21,ANALYSIS!$B$31:$B$130,"")))} -> 19-04, 19-46, 20-10, 20-25, 20-28
A22: =IF($B22="","",ROW()-14) -> 8 | B22: 54.0 lb / 25.5 g | C22: =IF($B22="","",_xlfn.MINIFS(ANALYSIS!$M$31:$M$130,ANALYSIS!$O$31:$O$130,$B22)) -> 54 | D22: =IF($B22="","",_xlfn.MINIFS(ANALYSIS!$N$31:$N$130,ANALYSIS!$O$31:$O$130,$B22)) -> 25.5 | E22: =IF($B22="","",COUNTIF(ANALYSIS!$O$31:$O$130,$B22)) -> 5 | F22: =IF($B22="","",_xlfn.MINIFS(ANALYSIS!$E$31:$E$130,ANALYSIS!$O$31:$O$130,$B22)) -> 55 | G22: =IF($B22="","",_xlfn.MAXIFS(ANALYSIS!$E$31:$E$130,ANALYSIS!$O$31:$O$130,$B22)) -> 56 | H22: =IF($B22="","",G22-F22) -> 1 | I22: =IF($B22="","",_xlfn.MINIFS(ANALYSIS!$G$31:$G$130,ANALYSIS!$O$31:$O$130,$B22)) -> 25.5 | J22: =IF($B22="","",_xlfn.MAXIFS(ANALYSIS!$G$31:$G$130,ANALYSIS!$O$31:$O$130,$B22)) -> 25.9 | K22: =IF($B22="","",J22-I22) -> 0.4 | L22: =IF($B22="","",IF(AND(F22>=ANALYSIS!$B$5,G22<=ANALYSIS!$B$6),"Yes","No")) -> Yes | M22: =IF($B22="","",IF(E22>=$B$8,"Yes","No")) -> Yes | N22: {=IF($B22="","",_xlfn.TEXTJOIN(", ",TRUE,IF(ANALYSIS!$O$31:$O$130=$B22,ANALYSIS!$B$31:$B$130,"")))} -> 19-21, 19-31, 19-42, 19-49, 20-13
A23: =IF($B23="","",ROW()-14) -> 9 | B23: 57.0 lb / 24.0 g | C23: =IF($B23="","",_xlfn.MINIFS(ANALYSIS!$M$31:$M$130,ANALYSIS!$O$31:$O$130,$B23)) -> 57 | D23: =IF($B23="","",_xlfn.MINIFS(ANALYSIS!$N$31:$N$130,ANALYSIS!$O$31:$O$130,$B23)) -> 24 | E23: =IF($B23="","",COUNTIF(ANALYSIS!$O$31:$O$130,$B23)) -> 5 | F23: =IF($B23="","",_xlfn.MINIFS(ANALYSIS!$E$31:$E$130,ANALYSIS!$O$31:$O$130,$B23)) -> 57 | G23: =IF($B23="","",_xlfn.MAXIFS(ANALYSIS!$E$31:$E$130,ANALYSIS!$O$31:$O$130,$B23)) -> 58.5 | H23: =IF($B23="","",G23-F23) -> 1.5 | I23: =IF($B23="","",_xlfn.MINIFS(ANALYSIS!$G$31:$G$130,ANALYSIS!$O$31:$O$130,$B23)) -> 24.15 | J23: =IF($B23="","",_xlfn.MAXIFS(ANALYSIS!$G$31:$G$130,ANALYSIS!$O$31:$O$130,$B23)) -> 24.48 | K23: =IF($B23="","",J23-I23) -> 0.33 | L23: =IF($B23="","",IF(AND(F23>=ANALYSIS!$B$5,G23<=ANALYSIS!$B$6),"Yes","No")) -> Yes | M23: =IF($B23="","",IF(E23>=$B$8,"Yes","No")) -> Yes | N23: {=IF($B23="","",_xlfn.TEXTJOIN(", ",TRUE,IF(ANALYSIS!$O$31:$O$130=$B23,ANALYSIS!$B$31:$B$130,"")))} -> 19-12, 19-25, 20-24, 20-46, 20-50
A24: =IF($B24="","",ROW()-14) -> 10 | B24: 51.0 lb / 22.0 g | C24: =IF($B24="","",_xlfn.MINIFS(ANALYSIS!$M$31:$M$130,ANALYSIS!$O$31:$O$130,$B24)) -> 51 | D24: =IF($B24="","",_xlfn.MINIFS(ANALYSIS!$N$31:$N$130,ANALYSIS!$O$31:$O$130,$B24)) -> 22 | E24: =IF($B24="","",COUNTIF(ANALYSIS!$O$31:$O$130,$B24)) -> 4 | F24: =IF($B24="","",_xlfn.MINIFS(ANALYSIS!$E$31:$E$130,ANALYSIS!$O$31:$O$130,$B24)) -> 51.5 | G24: =IF($B24="","",_xlfn.MAXIFS(ANALYSIS!$E$31:$E$130,ANALYSIS!$O$31:$O$130,$B24)) -> 53 | H24: =IF($B24="","",G24-F24) -> 1.5 | I24: =IF($B24="","",_xlfn.MINIFS(ANALYSIS!$G$31:$G$130,ANALYSIS!$O$31:$O$130,$B24)) -> 22.06 | J24: =IF($B24="","",_xlfn.MAXIFS(ANALYSIS!$G$31:$G$130,ANALYSIS!$O$31:$O$130,$B24)) -> 22.36 | K24: =IF($B24="","",J24-I24) -> 0.3 | L24: =IF($B24="","",IF(AND(F24>=ANALYSIS!$B$5,G24<=ANALYSIS!$B$6),"Yes","No")) -> No | M24: =IF($B24="","",IF(E24>=$B$8,"Yes","No")) -> Yes | N24: {=IF($B24="","",_xlfn.TEXTJOIN(", ",TRUE,IF(ANALYSIS!$O$31:$O$130=$B24,ANALYSIS!$B$31:$B$130,"")))} -> 19-03, 20-20, 20-31, 20-39
A25: =IF($B25="","",ROW()-14) -> 11 | B25: 54.0 lb / 21.5 g | C25: =IF($B25="","",_xlfn.MINIFS(ANALYSIS!$M$31:$M$130,ANALYSIS!$O$31:$O$130,$B25)) -> 54 | D25: =IF($B25="","",_xlfn.MINIFS(ANALYSIS!$N$31:$N$130,ANALYSIS!$O$31:$O$130,$B25)) -> 21.5 | E25: =IF($B25="","",COUNTIF(ANALYSIS!$O$31:$O$130,$B25)) -> 4 | F25: =IF($B25="","",_xlfn.MINIFS(ANALYSIS!$E$31:$E$130,ANALYSIS!$O$31:$O$130,$B25)) -> 55.5 | G25: =IF($B25="","",_xlfn.MAXIFS(ANALYSIS!$E$31:$E$130,ANALYSIS!$O$31:$O$130,$B25)) -> 56 | H25: =IF($B25="","",G25-F25) -> 0.5 | I25: =IF($B25="","",_xlfn.MINIFS(ANALYSIS!$G$31:$G$130,ANALYSIS!$O$31:$O$130,$B25)) -> 21.5 | J25: =IF($B25="","",_xlfn.MAXIFS(ANALYSIS!$G$31:$G$130,ANALYSIS!$O$31:$O$130,$B25)) -> 21.93 | K25: =IF($B25="","",J25-I25) -> 0.43 | L25: =IF($B25="","",IF(AND(F25>=ANALYSIS!$B$5,G25<=ANALYSIS!$B$6),"Yes","No")) -> Yes | M25: =IF($B25="","",IF(E25>=$B$8,"Yes","No")) -> Yes | N25: {=IF($B25="","",_xlfn.TEXTJOIN(", ",TRUE,IF(ANALYSIS!$O$31:$O$130=$B25,ANALYSIS!$B$31:$B$130,"")))} -> 19-05, 19-16, 19-19, 20-27
A26: =IF($B26="","",ROW()-14) -> 12 | B26: 54.0 lb / 22.5 g | C26: =IF($B26="","",_xlfn.MINIFS(ANALYSIS!$M$31:$M$130,ANALYSIS!$O$31:$O$130,$B26)) -> 54 | D26: =IF($B26="","",_xlfn.MINIFS(ANALYSIS!$N$31:$N$130,ANALYSIS!$O$31:$O$130,$B26)) -> 22.5 | E26: =IF($B26="","",COUNTIF(ANALYSIS!$O$31:$O$130,$B26)) -> 4 | F26: =IF($B26="","",_xlfn.MINIFS(ANALYSIS!$E$31:$E$130,ANALYSIS!$O$31:$O$130,$B26)) -> 55 | G26: =IF($B26="","",_xlfn.MAXIFS(ANALYSIS!$E$31:$E$130,ANALYSIS!$O$31:$O$130,$B26)) -> 55.5 | H26: =IF($B26="","",G26-F26) -> 0.5 | I26: =IF($B26="","",_xlfn.MINIFS(ANALYSIS!$G$31:$G$130,ANALYSIS!$O$31:$O$130,$B26)) -> 22.62 | J26: =IF($B26="","",_xlfn.MAXIFS(ANALYSIS!$G$31:$G$130,ANALYSIS!$O$31:$O$130,$B26)) -> 22.98 | K26: =IF($B26="","",J26-I26) -> 0.36 | L26: =IF($B26="","",IF(AND(F26>=ANALYSIS!$B$5,G26<=ANALYSIS!$B$6),"Yes","No")) -> Yes | M26: =IF($B26="","",IF(E26>=$B$8,"Yes","No")) -> Yes | N26: {=IF($B26="","",_xlfn.TEXTJOIN(", ",TRUE,IF(ANALYSIS!$O$31:$O$130=$B26,ANALYSIS!$B$31:$B$130,"")))} -> 19-20, 20-01, 20-30, 20-36
A27: =IF($B27="","",ROW()-14) -> 13 | B27: 57.0 lb / 23.0 g | C27: =IF($B27="","",_xlfn.MINIFS(ANALYSIS!$M$31:$M$130,ANALYSIS!$O$31:$O$130,$B27)) -> 57 | D27: =IF($B27="","",_xlfn.MINIFS(ANALYSIS!$N$31:$N$130,ANALYSIS!$O$31:$O$130,$B27)) -> 23 | E27: =IF($B27="","",COUNTIF(ANALYSIS!$O$31:$O$130,$B27)) -> 4 | F27: =IF($B27="","",_xlfn.MINIFS(ANALYSIS!$E$31:$E$130,ANALYSIS!$O$31:$O$130,$B27)) -> 57 | G27: =IF($B27="","",_xlfn.MAXIFS(ANALYSIS!$E$31:$E$130,ANALYSIS!$O$31:$O$130,$B27)) -> 59 | H27: =IF($B27="","",G27-F27) -> 2 | I27: =IF($B27="","",_xlfn.MINIFS(ANALYSIS!$G$31:$G$130,ANALYSIS!$O$31:$O$130,$B27)) -> 23 | J27: =IF($B27="","",_xlfn.MAXIFS(ANALYSIS!$G$31:$G$130,ANALYSIS!$O$31:$O$130,$B27)) -> 23.44 | K27: =IF($B27="","",J27-I27) -> 0.44 | L27: =IF($B27="","",IF(AND(F27>=ANALYSIS!$B$5,G27<=ANALYSIS!$B$6),"Yes","No")) -> Yes | M27: =IF($B27="","",IF(E27>=$B$8,"Yes","No")) -> Yes | N27: {=IF($B27="","",_xlfn.TEXTJOIN(", ",TRUE,IF(ANALYSIS!$O$31:$O$130=$B27,ANALYSIS!$B$31:$B$130,"")))} -> 19-24, 19-33, 19-36, 20-38
... A43: =IF($B43="","",ROW()-14) -> 29 | B43: 57.0 lb / 26.5 g | C43: =IF($B43="","",_xlfn.MINIFS(ANALYSIS!$M$31:$M$130,ANALYSIS!$O$31:$O$130,$B43)) -> 57 | D43: =IF($B43="","",_xlfn.MINIFS(ANALYSIS!$N$31:$N$130,ANALYSIS!$O$31:$O$130,$B43)) -> 26.5 | E43: =IF($B43="","",COUNTIF(ANALYSIS!$O$31:$O$130,$B43)) -> 1 | F43: =IF($B43="","",_xlfn.MINIFS(ANALYSIS!$E$31:$E$130,ANALYSIS!$O$31:$O$130,$B43)) -> 58 | G43: =IF($B43="","",_xlfn.MAXIFS(ANALYSIS!$E$31:$E$130,ANALYSIS!$O$31:$O$130,$B43)) -> 58 | H43: =IF($B43="","",G43-F43) -> 0 | I43: =IF($B43="","",_xlfn.MINIFS(ANALYSIS!$G$31:$G$130,ANALYSIS!$O$31:$O$130,$B43)) -> 26.76 | J43: =IF($B43="","",_xlfn.MAXIFS(ANALYSIS!$G$31:$G$130,ANALYSIS!$O$31:$O$130,$B43)) -> 26.76 | K43: =IF($B43="","",J43-I43) -> 0 | L43: =IF($B43="","",IF(AND(F43>=ANALYSIS!$B$5,G43<=ANALYSIS!$B$6),"Yes","No")) -> Yes | M43: =IF($B43="","",IF(E43>=$B$8,"Yes","No")) -> No | N43: {=IF($B43="","",_xlfn.TEXTJOIN(", ",TRUE,IF(ANALYSIS!$O$31:$O$130=$B43,ANALYSIS!$B$31:$B$130,"")))} -> 19-29
A44: =IF($B44="","",ROW()-14) | C44: =IF($B44="","",_xlfn.MINIFS(ANALYSIS!$M$31:$M$130,ANALYSIS!$O$31:$O$130,$B44)) | D44: =IF($B44="","",_xlfn.MINIFS(ANALYSIS!$N$31:$N$130,ANALYSIS!$O$31:$O$130,$B44)) | E44: =IF($B44="","",COUNTIF(ANALYSIS!$O$31:$O$130,$B44)) | F44: =IF($B44="","",_xlfn.MINIFS(ANALYSIS!$E$31:$E$130,ANALYSIS!$O$31:$O$130,$B44)) | G44: =IF($B44="","",_xlfn.MAXIFS(ANALYSIS!$E$31:$E$130,ANALYSIS!$O$31:$O$130,$B44)) | H44: =IF($B44="","",G44-F44) | I44: =IF($B44="","",_xlfn.MINIFS(ANALYSIS!$G$31:$G$130,ANALYSIS!$O$31:$O$130,$B44)) | J44: =IF($B44="","",_xlfn.MAXIFS(ANALYSIS!$G$31:$G$130,ANALYSIS!$O$31:$O$130,$B44)) | K44: =IF($B44="","",J44-I44) | L44: =IF($B44="","",IF(AND(F44>=ANALYSIS!$B$5,G44<=ANALYSIS!$B$6),"Yes","No")) | M44: =IF($B44="","",IF(E44>=$B$8,"Yes","No")) | N44: {=IF($B44="","",_xlfn.TEXTJOIN(", ",TRUE,IF(ANALYSIS!$O$31:$O$130=$B44,ANALYSIS!$B$31:$B$130,"")))}
A45: =IF($B45="","",ROW()-14) | C45: =IF($B45="","",_xlfn.MINIFS(ANALYSIS!$M$31:$M$130,ANALYSIS!$O$31:$O$130,$B45)) | D45: =IF($B45="","",_xlfn.MINIFS(ANALYSIS!$N$31:$N$130,ANALYSIS!$O$31:$O$130,$B45)) | E45: =IF($B45="","",COUNTIF(ANALYSIS!$O$31:$O$130,$B45)) | F45: =IF($B45="","",_xlfn.MINIFS(ANALYSIS!$E$31:$E$130,ANALYSIS!$O$31:$O$130,$B45)) | G45: =IF($B45="","",_xlfn.MAXIFS(ANALYSIS!$E$31:$E$130,ANALYSIS!$O$31:$O$130,$B45)) | H45: =IF($B45="","",G45-F45) | I45: =IF($B45="","",_xlfn.MINIFS(ANALYSIS!$G$31:$G$130,ANALYSIS!$O$31:$O$130,$B45)) | J45: =IF($B45="","",_xlfn.MAXIFS(ANALYSIS!$G$31:$G$130,ANALYSIS!$O$31:$O$130,$B45)) | K45: =IF($B45="","",J45-I45) | L45: =IF($B45="","",IF(AND(F45>=ANALYSIS!$B$5,G45<=ANALYSIS!$B$6),"Yes","No")) | M45: =IF($B45="","",IF(E45>=$B$8,"Yes","No")) | N45: {=IF($B45="","",_xlfn.TEXTJOIN(", ",TRUE,IF(ANALYSIS!$O$31:$O$130=$B45,ANALYSIS!$B$31:$B$130,"")))}
A46: =IF($B46="","",ROW()-14) | C46: =IF($B46="","",_xlfn.MINIFS(ANALYSIS!$M$31:$M$130,ANALYSIS!$O$31:$O$130,$B46)) | D46: =IF($B46="","",_xlfn.MINIFS(ANALYSIS!$N$31:$N$130,ANALYSIS!$O$31:$O$130,$B46)) | E46: =IF($B46="","",COUNTIF(ANALYSIS!$O$31:$O$130,$B46)) | F46: =IF($B46="","",_xlfn.MINIFS(ANALYSIS!$E$31:$E$130,ANALYSIS!$O$31:$O$130,$B46)) | G46: =IF($B46="","",_xlfn.MAXIFS(ANALYSIS!$E$31:$E$130,ANALYSIS!$O$31:$O$130,$B46)) | H46: =IF($B46="","",G46-F46) | I46: =IF($B46="","",_xlfn.MINIFS(ANALYSIS!$G$31:$G$130,ANALYSIS!$O$31:$O$130,$B46)) | J46: =IF($B46="","",_xlfn.MAXIFS(ANALYSIS!$G$31:$G$130,ANALYSIS!$O$31:$O$130,$B46)) | K46: =IF($B46="","",J46-I46) | L46: =IF($B46="","",IF(AND(F46>=ANALYSIS!$B$5,G46<=ANALYSIS!$B$6),"Yes","No")) | M46: =IF($B46="","",IF(E46>=$B$8,"Yes","No")) | N46: {=IF($B46="","",_xlfn.TEXTJOIN(", ",TRUE,IF(ANALYSIS!$O$31:$O$130=$B46,ANALYSIS!$B$31:$B$130,"")))}
A47: =IF($B47="","",ROW()-14) | C47: =IF($B47="","",_xlfn.MINIFS(ANALYSIS!$M$31:$M$130,ANALYSIS!$O$31:$O$130,$B47)) | D47: =IF($B47="","",_xlfn.MINIFS(ANALYSIS!$N$31:$N$130,ANALYSIS!$O$31:$O$130,$B47)) | E47: =IF($B47="","",COUNTIF(ANALYSIS!$O$31:$O$130,$B47)) | F47: =IF($B47="","",_xlfn.MINIFS(ANALYSIS!$E$31:$E$130,ANALYSIS!$O$31:$O$130,$B47)) | G47: =IF($B47="","",_xlfn.MAXIFS(ANALYSIS!$E$31:$E$130,ANALYSIS!$O$31:$O$130,$B47)) | H47: =IF($B47="","",G47-F47) | I47: =IF($B47="","",_xlfn.MINIFS(ANALYSIS!$G$31:$G$130,ANALYSIS!$O$31:$O$130,$B47)) | J47: =IF($B47="","",_xlfn.MAXIFS(ANALYSIS!$G$31:$G$130,ANALYSIS!$O$31:$O$130,$B47)) | K47: =IF($B47="","",J47-I47) | L47: =IF($B47="","",IF(AND(F47>=ANALYSIS!$B$5,G47<=ANALYSIS!$B$6),"Yes","No")) | M47: =IF($B47="","",IF(E47>=$B$8,"Yes","No")) | N47: {=IF($B47="","",_xlfn.TEXTJOIN(", ",TRUE,IF(ANALYSIS!$O$31:$O$130=$B47,ANALYSIS!$B$31:$B$130,"")))}
A48: =IF($B48="","",ROW()-14) | C48: =IF($B48="","",_xlfn.MINIFS(ANALYSIS!$M$31:$M$130,ANALYSIS!$O$31:$O$130,$B48)) | D48: =IF($B48="","",_xlfn.MINIFS(ANALYSIS!$N$31:$N$130,ANALYSIS!$O$31:$O$130,$B48)) | E48: =IF($B48="","",COUNTIF(ANALYSIS!$O$31:$O$130,$B48)) | F48: =IF($B48="","",_xlfn.MINIFS(ANALYSIS!$E$31:$E$130,ANALYSIS!$O$31:$O$130,$B48)) | G48: =IF($B48="","",_xlfn.MAXIFS(ANALYSIS!$E$31:$E$130,ANALYSIS!$O$31:$O$130,$B48)) | H48: =IF($B48="","",G48-F48) | I48: =IF($B48="","",_xlfn.MINIFS(ANALYSIS!$G$31:$G$130,ANALYSIS!$O$31:$O$130,$B48)) | J48: =IF($B48="","",_xlfn.MAXIFS(ANALYSIS!$G$31:$G$130,ANALYSIS!$O$31:$O$130,$B48)) | K48: =IF($B48="","",J48-I48) | L48: =IF($B48="","",IF(AND(F48>=ANALYSIS!$B$5,G48<=ANALYSIS!$B$6),"Yes","No")) | M48: =IF($B48="","",IF(E48>=$B$8,"Yes","No")) | N48: {=IF($B48="","",_xlfn.TEXTJOIN(", ",TRUE,IF(ANALYSIS!$O$31:$O$130=$B48,ANALYSIS!$B$31:$B$130,"")))}
A49: =IF($B49="","",ROW()-14) | C49: =IF($B49="","",_xlfn.MINIFS(ANALYSIS!$M$31:$M$130,ANALYSIS!$O$31:$O$130,$B49)) | D49: =IF($B49="","",_xlfn.MINIFS(ANALYSIS!$N$31:$N$130,ANALYSIS!$O$31:$O$130,$B49)) | E49: =IF($B49="","",COUNTIF(ANALYSIS!$O$31:$O$130,$B49)) | F49: =IF($B49="","",_xlfn.MINIFS(ANALYSIS!$E$31:$E$130,ANALYSIS!$O$31:$O$130,$B49)) | G49: =IF($B49="","",_xlfn.MAXIFS(ANALYSIS!$E$31:$E$130,ANALYSIS!$O$31:$O$130,$B49)) | H49: =IF($B49="","",G49-F49) | I49: =IF($B49="","",_xlfn.MINIFS(ANALYSIS!$G$31:$G$130,ANALYSIS!$O$31:$O$130,$B49)) | J49: =IF($B49="","",_xlfn.MAXIFS(ANALYSIS!$G$31:$G$130,ANALYSIS!$O$31:$O$130,$B49)) | K49: =IF($B49="","",J49-I49) | L49: =IF($B49="","",IF(AND(F49>=ANALYSIS!$B$5,G49<=ANALYSIS!$B$6),"Yes","No")) | M49: =IF($B49="","",IF(E49>=$B$8,"Yes","No")) | N49: {=IF($B49="","",_xlfn.TEXTJOIN(", ",TRUE,IF(ANALYSIS!$O$31:$O$130=$B49,ANALYSIS!$B$31:$B$130,"")))}
A50: =IF($B50="","",ROW()-14) | C50: =IF($B50="","",_xlfn.MINIFS(ANALYSIS!$M$31:$M$130,ANALYSIS!$O$31:$O$130,$B50)) | D50: =IF($B50="","",_xlfn.MINIFS(ANALYSIS!$N$31:$N$130,ANALYSIS!$O$31:$O$130,$B50)) | E50: =IF($B50="","",COUNTIF(ANALYSIS!$O$31:$O$130,$B50)) | F50: =IF($B50="","",_xlfn.MINIFS(ANALYSIS!$E$31:$E$130,ANALYSIS!$O$31:$O$130,$B50)) | G50: =IF($B50="","",_xlfn.MAXIFS(ANALYSIS!$E$31:$E$130,ANALYSIS!$O$31:$O$130,$B50)) | H50: =IF($B50="","",G50-F50) | I50: =IF($B50="","",_xlfn.MINIFS(ANALYSIS!$G$31:$G$130,ANALYSIS!$O$31:$O$130,$B50)) | J50: =IF($B50="","",_xlfn.MAXIFS(ANALYSIS!$G$31:$G$130,ANALYSIS!$O$31:$O$130,$B50)) | K50: =IF($B50="","",J50-I50) | L50: =IF($B50="","",IF(AND(F50>=ANALYSIS!$B$5,G50<=ANALYSIS!$B$6),"Yes","No")) | M50: =IF($B50="","",IF(E50>=$B$8,"Yes","No")) | N50: {=IF($B50="","",_xlfn.TEXTJOIN(", ",TRUE,IF(ANALYSIS!$O$31:$O$130=$B50,ANALYSIS!$B$31:$B$130,"")))}
A51: =IF($B51="","",ROW()-14) | C51: =IF($B51="","",_xlfn.MINIFS(ANALYSIS!$M$31:$M$130,ANALYSIS!$O$31:$O$130,$B51)) | D51: =IF($B51="","",_xlfn.MINIFS(ANALYSIS!$N$31:$N$130,ANALYSIS!$O$31:$O$130,$B51)) | E51: =IF($B51="","",COUNTIF(ANALYSIS!$O$31:$O$130,$B51)) | F51: =IF($B51="","",_xlfn.MINIFS(ANALYSIS!$E$31:$E$130,ANALYSIS!$O$31:$O$130,$B51)) | G51: =IF($B51="","",_xlfn.MAXIFS(ANALYSIS!$E$31:$E$130,ANALYSIS!$O$31:$O$130,$B51)) | H51: =IF($B51="","",G51-F51) | I51: =IF($B51="","",_xlfn.MINIFS(ANALYSIS!$G$31:$G$130,ANALYSIS!$O$31:$O$130,$B51)) | J51: =IF($B51="","",_xlfn.MAXIFS(ANALYSIS!$G$31:$G$130,ANALYSIS!$O$31:$O$130,$B51)) | K51: =IF($B51="","",J51-I51) | L51: =IF($B51="","",IF(AND(F51>=ANALYSIS!$B$5,G51<=ANALYSIS!$B$6),"Yes","No")) | M51: =IF($B51="","",IF(E51>=$B$8,"Yes","No")) | N51: {=IF($B51="","",_xlfn.TEXTJOIN(", ",TRUE,IF(ANALYSIS!$O$31:$O$130=$B51,ANALYSIS!$B$31:$B$130,"")))}
A52: =IF($B52="","",ROW()-14) | C52: =IF($B52="","",_xlfn.MINIFS(ANALYSIS!$M$31:$M$130,ANALYSIS!$O$31:$O$130,$B52)) | D52: =IF($B52="","",_xlfn.MINIFS(ANALYSIS!$N$31:$N$130,ANALYSIS!$O$31:$O$130,$B52)) | E52: =IF($B52="","",COUNTIF(ANALYSIS!$O$31:$O$130,$B52)) | F52: =IF($B52="","",_xlfn.MINIFS(ANALYSIS!$E$31:$E$130,ANALYSIS!$O$31:$O$130,$B52)) | G52: =IF($B52="","",_xlfn.MAXIFS(ANALYSIS!$E$31:$E$130,ANALYSIS!$O$31:$O$130,$B52)) | H52: =IF($B52="","",G52-F52) | I52: =IF($B52="","",_xlfn.MINIFS(ANALYSIS!$G$31:$G$130,ANALYSIS!$O$31:$O$130,$B52)) | J52: =IF($B52="","",_xlfn.MAXIFS(ANALYSIS!$G$31:$G$130,ANALYSIS!$O$31:$O$130,$B52)) | K52: =IF($B52="","",J52-I52) | L52: =IF($B52="","",IF(AND(F52>=ANALYSIS!$B$5,G52<=ANALYSIS!$B$6),"Yes","No")) | M52: =IF($B52="","",IF(E52>=$B$8,"Yes","No")) | N52: {=IF($B52="","",_xlfn.TEXTJOIN(", ",TRUE,IF(ANALYSIS!$O$31:$O$130=$B52,ANALYSIS!$B$31:$B$130,"")))}
A53: =IF($B53="","",ROW()-14) | C53: =IF($B53="","",_xlfn.MINIFS(ANALYSIS!$M$31:$M$130,ANALYSIS!$O$31:$O$130,$B53)) | D53: =IF($B53="","",_xlfn.MINIFS(ANALYSIS!$N$31:$N$130,ANALYSIS!$O$31:$O$130,$B53)) | E53: =IF($B53="","",COUNTIF(ANALYSIS!$O$31:$O$130,$B53)) | F53: =IF($B53="","",_xlfn.MINIFS(ANALYSIS!$E$31:$E$130,ANALYSIS!$O$31:$O$130,$B53)) | G53: =IF($B53="","",_xlfn.MAXIFS(ANALYSIS!$E$31:$E$130,ANALYSIS!$O$31:$O$130,$B53)) | H53: =IF($B53="","",G53-F53) | I53: =IF($B53="","",_xlfn.MINIFS(ANALYSIS!$G$31:$G$130,ANALYSIS!$O$31:$O$130,$B53)) | J53: =IF($B53="","",_xlfn.MAXIFS(ANALYSIS!$G$31:$G$130,ANALYSIS!$O$31:$O$130,$B53)) | K53: =IF($B53="","",J53-I53) | L53: =IF($B53="","",IF(AND(F53>=ANALYSIS!$B$5,G53<=ANALYSIS!$B$6),"Yes","No")) | M53: =IF($B53="","",IF(E53>=$B$8,"Yes","No")) | N53: {=IF($B53="","",_xlfn.TEXTJOIN(", ",TRUE,IF(ANALYSIS!$O$31:$O$130=$B53,ANALYSIS!$B$31:$B$130,"")))}
A54: =IF($B54="","",ROW()-14) | C54: =IF($B54="","",_xlfn.MINIFS(ANALYSIS!$M$31:$M$130,ANALYSIS!$O$31:$O$130,$B54)) | D54: =IF($B54="","",_xlfn.MINIFS(ANALYSIS!$N$31:$N$130,ANALYSIS!$O$31:$O$130,$B54)) | E54: =IF($B54="","",COUNTIF(ANALYSIS!$O$31:$O$130,$B54)) | F54: =IF($B54="","",_xlfn.MINIFS(ANALYSIS!$E$31:$E$130,ANALYSIS!$O$31:$O$130,$B54)) | G54: =IF($B54="","",_xlfn.MAXIFS(ANALYSIS!$E$31:$E$130,ANALYSIS!$O$31:$O$130,$B54)) | H54: =IF($B54="","",G54-F54) | I54: =IF($B54="","",_xlfn.MINIFS(ANALYSIS!$G$31:$G$130,ANALYSIS!$O$31:$O$130,$B54)) | J54: =IF($B54="","",_xlfn.MAXIFS(ANALYSIS!$G$31:$G$130,ANALYSIS!$O$31:$O$130,$B54)) | K54: =IF($B54="","",J54-I54) | L54: =IF($B54="","",IF(AND(F54>=ANALYSIS!$B$5,G54<=ANALYSIS!$B$6),"Yes","No")) | M54: =IF($B54="","",IF(E54>=$B$8,"Yes","No")) | N54: {=IF($B54="","",_xlfn.TEXTJOIN(", ",TRUE,IF(ANALYSIS!$O$31:$O$130=$B54,ANALYSIS!$B$31:$B$130,"")))}
A55: =IF($B55="","",ROW()-14) | C55: =IF($B55="","",_xlfn.MINIFS(ANALYSIS!$M$31:$M$130,ANALYSIS!$O$31:$O$130,$B55)) | D55: =IF($B55="","",_xlfn.MINIFS(ANALYSIS!$N$31:$N$130,ANALYSIS!$O$31:$O$130,$B55)) | E55: =IF($B55="","",COUNTIF(ANALYSIS!$O$31:$O$130,$B55)) | F55: =IF($B55="","",_xlfn.MINIFS(ANALYSIS!$E$31:$E$130,ANALYSIS!$O$31:$O$130,$B55)) | G55: =IF($B55="","",_xlfn.MAXIFS(ANALYSIS!$E$31:$E$130,ANALYSIS!$O$31:$O$130,$B55)) | H55: =IF($B55="","",G55-F55) | I55: =IF($B55="","",_xlfn.MINIFS(ANALYSIS!$G$31:$G$130,ANALYSIS!$O$31:$O$130,$B55)) | J55: =IF($B55="","",_xlfn.MAXIFS(ANALYSIS!$G$31:$G$130,ANALYSIS!$O$31:$O$130,$B55)) | K55: =IF($B55="","",J55-I55) | L55: =IF($B55="","",IF(AND(F55>=ANALYSIS!$B$5,G55<=ANALYSIS!$B$6),"Yes","No")) | M55: =IF($B55="","",IF(E55>=$B$8,"Yes","No")) | N55: {=IF($B55="","",_xlfn.TEXTJOIN(", ",TRUE,IF(ANALYSIS!$O$31:$O$130=$B55,ANALYSIS!$B$31:$B$130,"")))}
... A80: =IF($B80="","",ROW()-14) | C80: =IF($B80="","",_xlfn.MINIFS(ANALYSIS!$M$31:$M$130,ANALYSIS!$O$31:$O$130,$B80)) | D80: =IF($B80="","",_xlfn.MINIFS(ANALYSIS!$N$31:$N$130,ANALYSIS!$O$31:$O$130,$B80)) | E80: =IF($B80="","",COUNTIF(ANALYSIS!$O$31:$O$130,$B80)) | F80: =IF($B80="","",_xlfn.MINIFS(ANALYSIS!$E$31:$E$130,ANALYSIS!$O$31:$O$130,$B80)) | G80: =IF($B80="","",_xlfn.MAXIFS(ANALYSIS!$E$31:$E$130,ANALYSIS!$O$31:$O$130,$B80)) | H80: =IF($B80="","",G80-F80) | I80: =IF($B80="","",_xlfn.MINIFS(ANALYSIS!$G$31:$G$130,ANALYSIS!$O$31:$O$130,$B80)) | J80: =IF($B80="","",_xlfn.MAXIFS(ANALYSIS!$G$31:$G$130,ANALYSIS!$O$31:$O$130,$B80)) | K80: =IF($B80="","",J80-I80) | L80: =IF($B80="","",IF(AND(F80>=ANALYSIS!$B$5,G80<=ANALYSIS!$B$6),"Yes","No")) | M80: =IF($B80="","",IF(E80>=$B$8,"Yes","No")) | N80: {=IF($B80="","",_xlfn.TEXTJOIN(", ",TRUE,IF(ANALYSIS!$O$31:$O$130=$B80,ANALYSIS!$B$31:$B$130,"")))}
A81: MATRIX — SHAFT COUNT BY SPINE BAND × WEIGHT BAND
A82: Spine band \ Wt band | B82: =FLOOR(MIN(ANALYSIS!$G$31:$G$130),$B$7) -> 21 | C82: =IF(B82="","",IF(B82+$B$7>FLOOR(MAX(ANALYSIS!$G$31:$G$130),$B$7),"",B82+$B$7)) -> 21.5 | D82: =IF(C82="","",IF(C82+$B$7>FLOOR(MAX(ANALYSIS!$G$31:$G$130),$B$7),"",C82+$B$7)) -> 22 | E82: =IF(D82="","",IF(D82+$B$7>FLOOR(MAX(ANALYSIS!$G$31:$G$130),$B$7),"",D82+$B$7)) -> 22.5 | F82: =IF(E82="","",IF(E82+$B$7>FLOOR(MAX(ANALYSIS!$G$31:$G$130),$B$7),"",E82+$B$7)) -> 23 | G82: =IF(F82="","",IF(F82+$B$7>FLOOR(MAX(ANALYSIS!$G$31:$G$130),$B$7),"",F82+$B$7)) -> 23.5 | H82: =IF(G82="","",IF(G82+$B$7>FLOOR(MAX(ANALYSIS!$G$31:$G$130),$B$7),"",G82+$B$7)) -> 24 | I82: =IF(H82="","",IF(H82+$B$7>FLOOR(MAX(ANALYSIS!$G$31:$G$130),$B$7),"",H82+$B$7)) -> 24.5 | J82: =IF(I82="","",IF(I82+$B$7>FLOOR(MAX(ANALYSIS!$G$31:$G$130),$B$7),"",I82+$B$7)) -> 25 | ... O82: =IF(N82="","",IF(N82+$B$7>FLOOR(MAX(ANALYSIS!$G$31:$G$130),$B$7),"",N82+$B$7)) | P82: Total
A83: =FLOOR(MIN(ANALYSIS!$E$31:$E$130),$B$6) -> 48 | B83: =IF(OR($A83="",B$82=""),"",COUNTIFS(ANALYSIS!$M$31:$M$130,$A83,ANALYSIS!$N$31:$N$130,B$82)) -> 0 | C83: =IF(OR($A83="",C$82=""),"",COUNTIFS(ANALYSIS!$M$31:$M$130,$A83,ANALYSIS!$N$31:$N$130,C$82)) -> 0 | D83: =IF(OR($A83="",D$82=""),"",COUNTIFS(ANALYSIS!$M$31:$M$130,$A83,ANALYSIS!$N$31:$N$130,D$82)) -> 0 | E83: =IF(OR($A83="",E$82=""),"",COUNTIFS(ANALYSIS!$M$31:$M$130,$A83,ANALYSIS!$N$31:$N$130,E$82)) -> 1 | F83: =IF(OR($A83="",F$82=""),"",COUNTIFS(ANALYSIS!$M$31:$M$130,$A83,ANALYSIS!$N$31:$N$130,F$82)) -> 0 | G83: =IF(OR($A83="",G$82=""),"",COUNTIFS(ANALYSIS!$M$31:$M$130,$A83,ANALYSIS!$N$31:$N$130,G$82)) -> 0 | H83: =IF(OR($A83="",H$82=""),"",COUNTIFS(ANALYSIS!$M$31:$M$130,$A83,ANALYSIS!$N$31:$N$130,H$82)) -> 0 | I83: =IF(OR($A83="",I$82=""),"",COUNTIFS(ANALYSIS!$M$31:$M$130,$A83,ANALYSIS!$N$31:$N$130,I$82)) -> 0 | ... O83: =IF(OR($A83="",O$82=""),"",COUNTIFS(ANALYSIS!$M$31:$M$130,$A83,ANALYSIS!$N$31:$N$130,O$82)) | P83: =IF($A83="","",SUM(B83:O83)) -> 1
A84: =IF(A83="","",IF(A83+$B$6>FLOOR(MAX(ANALYSIS!$E$31:$E$130),$B$6),"",A83+$B$6)) -> 51 | B84: =IF(OR($A84="",B$82=""),"",COUNTIFS(ANALYSIS!$M$31:$M$130,$A84,ANALYSIS!$N$31:$N$130,B$82)) -> 1 | C84: =IF(OR($A84="",C$82=""),"",COUNTIFS(ANALYSIS!$M$31:$M$130,$A84,ANALYSIS!$N$31:$N$130,C$82)) -> 6 | D84: =IF(OR($A84="",D$82=""),"",COUNTIFS(ANALYSIS!$M$31:$M$130,$A84,ANALYSIS!$N$31:$N$130,D$82)) -> 4 | E84: =IF(OR($A84="",E$82=""),"",COUNTIFS(ANALYSIS!$M$31:$M$130,$A84,ANALYSIS!$N$31:$N$130,E$82)) -> 2 | F84: =IF(OR($A84="",F$82=""),"",COUNTIFS(ANALYSIS!$M$31:$M$130,$A84,ANALYSIS!$N$31:$N$130,F$82)) -> 5 | G84: =IF(OR($A84="",G$82=""),"",COUNTIFS(ANALYSIS!$M$31:$M$130,$A84,ANALYSIS!$N$31:$N$130,G$82)) -> 2 | H84: =IF(OR($A84="",H$82=""),"",COUNTIFS(ANALYSIS!$M$31:$M$130,$A84,ANALYSIS!$N$31:$N$130,H$82)) -> 2 | I84: =IF(OR($A84="",I$82=""),"",COUNTIFS(ANALYSIS!$M$31:$M$130,$A84,ANALYSIS!$N$31:$N$130,I$82)) -> 0 | ... O84: =IF(OR($A84="",O$82=""),"",COUNTIFS(ANALYSIS!$M$31:$M$130,$A84,ANALYSIS!$N$31:$N$130,O$82)) | P84: =IF($A84="","",SUM(B84:O84)) -> 24
A85: =IF(A84="","",IF(A84+$B$6>FLOOR(MAX(ANALYSIS!$E$31:$E$130),$B$6),"",A84+$B$6)) -> 54 | B85: =IF(OR($A85="",B$82=""),"",COUNTIFS(ANALYSIS!$M$31:$M$130,$A85,ANALYSIS!$N$31:$N$130,B$82)) -> 2 | C85: =IF(OR($A85="",C$82=""),"",COUNTIFS(ANALYSIS!$M$31:$M$130,$A85,ANALYSIS!$N$31:$N$130,C$82)) -> 4 | D85: =IF(OR($A85="",D$82=""),"",COUNTIFS(ANALYSIS!$M$31:$M$130,$A85,ANALYSIS!$N$31:$N$130,D$82)) -> 5 | E85: =IF(OR($A85="",E$82=""),"",COUNTIFS(ANALYSIS!$M$31:$M$130,$A85,ANALYSIS!$N$31:$N$130,E$82)) -> 4 | F85: =IF(OR($A85="",F$82=""),"",COUNTIFS(ANALYSIS!$M$31:$M$130,$A85,ANALYSIS!$N$31:$N$130,F$82)) -> 9 | G85: =IF(OR($A85="",G$82=""),"",COUNTIFS(ANALYSIS!$M$31:$M$130,$A85,ANALYSIS!$N$31:$N$130,G$82)) -> 10 | H85: =IF(OR($A85="",H$82=""),"",COUNTIFS(ANALYSIS!$M$31:$M$130,$A85,ANALYSIS!$N$31:$N$130,H$82)) -> 5 | I85: =IF(OR($A85="",I$82=""),"",COUNTIFS(ANALYSIS!$M$31:$M$130,$A85,ANALYSIS!$N$31:$N$130,I$82)) -> 2 | ... O85: =IF(OR($A85="",O$82=""),"",COUNTIFS(ANALYSIS!$M$31:$M$130,$A85,ANALYSIS!$N$31:$N$130,O$82)) | P85: =IF($A85="","",SUM(B85:O85)) -> 52
A86: =IF(A85="","",IF(A85+$B$6>FLOOR(MAX(ANALYSIS!$E$31:$E$130),$B$6),"",A85+$B$6)) -> 57 | B86: =IF(OR($A86="",B$82=""),"",COUNTIFS(ANALYSIS!$M$31:$M$130,$A86,ANALYSIS!$N$31:$N$130,B$82)) -> 0 | C86: =IF(OR($A86="",C$82=""),"",COUNTIFS(ANALYSIS!$M$31:$M$130,$A86,ANALYSIS!$N$31:$N$130,C$82)) -> 1 | D86: =IF(OR($A86="",D$82=""),"",COUNTIFS(ANALYSIS!$M$31:$M$130,$A86,ANALYSIS!$N$31:$N$130,D$82)) -> 0 | E86: =IF(OR($A86="",E$82=""),"",COUNTIFS(ANALYSIS!$M$31:$M$130,$A86,ANALYSIS!$N$31:$N$130,E$82)) -> 1 | F86: =IF(OR($A86="",F$82=""),"",COUNTIFS(ANALYSIS!$M$31:$M$130,$A86,ANALYSIS!$N$31:$N$130,F$82)) -> 4 | G86: =IF(OR($A86="",G$82=""),"",COUNTIFS(ANALYSIS!$M$31:$M$130,$A86,ANALYSIS!$N$31:$N$130,G$82)) -> 4 | H86: =IF(OR($A86="",H$82=""),"",COUNTIFS(ANALYSIS!$M$31:$M$130,$A86,ANALYSIS!$N$31:$N$130,H$82)) -> 5 | I86: =IF(OR($A86="",I$82=""),"",COUNTIFS(ANALYSIS!$M$31:$M$130,$A86,ANALYSIS!$N$31:$N$130,I$82)) -> 2 | ... O86: =IF(OR($A86="",O$82=""),"",COUNTIFS(ANALYSIS!$M$31:$M$130,$A86,ANALYSIS!$N$31:$N$130,O$82)) | P86: =IF($A86="","",SUM(B86:O86)) -> 23
A87: =IF(A86="","",IF(A86+$B$6>FLOOR(MAX(ANALYSIS!$E$31:$E$130),$B$6),"",A86+$B$6)) | B87: =IF(OR($A87="",B$82=""),"",COUNTIFS(ANALYSIS!$M$31:$M$130,$A87,ANALYSIS!$N$31:$N$130,B$82)) | C87: =IF(OR($A87="",C$82=""),"",COUNTIFS(ANALYSIS!$M$31:$M$130,$A87,ANALYSIS!$N$31:$N$130,C$82)) | D87: =IF(OR($A87="",D$82=""),"",COUNTIFS(ANALYSIS!$M$31:$M$130,$A87,ANALYSIS!$N$31:$N$130,D$82)) | E87: =IF(OR($A87="",E$82=""),"",COUNTIFS(ANALYSIS!$M$31:$M$130,$A87,ANALYSIS!$N$31:$N$130,E$82)) | F87: =IF(OR($A87="",F$82=""),"",COUNTIFS(ANALYSIS!$M$31:$M$130,$A87,ANALYSIS!$N$31:$N$130,F$82)) | G87: =IF(OR($A87="",G$82=""),"",COUNTIFS(ANALYSIS!$M$31:$M$130,$A87,ANALYSIS!$N$31:$N$130,G$82)) | H87: =IF(OR($A87="",H$82=""),"",COUNTIFS(ANALYSIS!$M$31:$M$130,$A87,ANALYSIS!$N$31:$N$130,H$82)) | I87: =IF(OR($A87="",I$82=""),"",COUNTIFS(ANALYSIS!$M$31:$M$130,$A87,ANALYSIS!$N$31:$N$130,I$82)) | ... O87: =IF(OR($A87="",O$82=""),"",COUNTIFS(ANALYSIS!$M$31:$M$130,$A87,ANALYSIS!$N$31:$N$130,O$82)) | P87: =IF($A87="","",SUM(B87:O87))
A88: =IF(A87="","",IF(A87+$B$6>FLOOR(MAX(ANALYSIS!$E$31:$E$130),$B$6),"",A87+$B$6)) | B88: =IF(OR($A88="",B$82=""),"",COUNTIFS(ANALYSIS!$M$31:$M$130,$A88,ANALYSIS!$N$31:$N$130,B$82)) | C88: =IF(OR($A88="",C$82=""),"",COUNTIFS(ANALYSIS!$M$31:$M$130,$A88,ANALYSIS!$N$31:$N$130,C$82)) | D88: =IF(OR($A88="",D$82=""),"",COUNTIFS(ANALYSIS!$M$31:$M$130,$A88,ANALYSIS!$N$31:$N$130,D$82)) | E88: =IF(OR($A88="",E$82=""),"",COUNTIFS(ANALYSIS!$M$31:$M$130,$A88,ANALYSIS!$N$31:$N$130,E$82)) | F88: =IF(OR($A88="",F$82=""),"",COUNTIFS(ANALYSIS!$M$31:$M$130,$A88,ANALYSIS!$N$31:$N$130,F$82)) | G88: =IF(OR($A88="",G$82=""),"",COUNTIFS(ANALYSIS!$M$31:$M$130,$A88,ANALYSIS!$N$31:$N$130,G$82)) | H88: =IF(OR($A88="",H$82=""),"",COUNTIFS(ANALYSIS!$M$31:$M$130,$A88,ANALYSIS!$N$31:$N$130,H$82)) | I88: =IF(OR($A88="",I$82=""),"",COUNTIFS(ANALYSIS!$M$31:$M$130,$A88,ANALYSIS!$N$31:$N$130,I$82)) | ... O88: =IF(OR($A88="",O$82=""),"",COUNTIFS(ANALYSIS!$M$31:$M$130,$A88,ANALYSIS!$N$31:$N$130,O$82)) | P88: =IF($A88="","",SUM(B88:O88))
A89: =IF(A88="","",IF(A88+$B$6>FLOOR(MAX(ANALYSIS!$E$31:$E$130),$B$6),"",A88+$B$6)) | B89: =IF(OR($A89="",B$82=""),"",COUNTIFS(ANALYSIS!$M$31:$M$130,$A89,ANALYSIS!$N$31:$N$130,B$82)) | C89: =IF(OR($A89="",C$82=""),"",COUNTIFS(ANALYSIS!$M$31:$M$130,$A89,ANALYSIS!$N$31:$N$130,C$82)) | D89: =IF(OR($A89="",D$82=""),"",COUNTIFS(ANALYSIS!$M$31:$M$130,$A89,ANALYSIS!$N$31:$N$130,D$82)) | E89: =IF(OR($A89="",E$82=""),"",COUNTIFS(ANALYSIS!$M$31:$M$130,$A89,ANALYSIS!$N$31:$N$130,E$82)) | F89: =IF(OR($A89="",F$82=""),"",COUNTIFS(ANALYSIS!$M$31:$M$130,$A89,ANALYSIS!$N$31:$N$130,F$82)) | G89: =IF(OR($A89="",G$82=""),"",COUNTIFS(ANALYSIS!$M$31:$M$130,$A89,ANALYSIS!$N$31:$N$130,G$82)) | H89: =IF(OR($A89="",H$82=""),"",COUNTIFS(ANALYSIS!$M$31:$M$130,$A89,ANALYSIS!$N$31:$N$130,H$82)) | I89: =IF(OR($A89="",I$82=""),"",COUNTIFS(ANALYSIS!$M$31:$M$130,$A89,ANALYSIS!$N$31:$N$130,I$82)) | ... O89: =IF(OR($A89="",O$82=""),"",COUNTIFS(ANALYSIS!$M$31:$M$130,$A89,ANALYSIS!$N$31:$N$130,O$82)) | P89: =IF($A89="","",SUM(B89:O89))
A90: =IF(A89="","",IF(A89+$B$6>FLOOR(MAX(ANALYSIS!$E$31:$E$130),$B$6),"",A89+$B$6)) | B90: =IF(OR($A90="",B$82=""),"",COUNTIFS(ANALYSIS!$M$31:$M$130,$A90,ANALYSIS!$N$31:$N$130,B$82)) | C90: =IF(OR($A90="",C$82=""),"",COUNTIFS(ANALYSIS!$M$31:$M$130,$A90,ANALYSIS!$N$31:$N$130,C$82)) | D90: =IF(OR($A90="",D$82=""),"",COUNTIFS(ANALYSIS!$M$31:$M$130,$A90,ANALYSIS!$N$31:$N$130,D$82)) | E90: =IF(OR($A90="",E$82=""),"",COUNTIFS(ANALYSIS!$M$31:$M$130,$A90,ANALYSIS!$N$31:$N$130,E$82)) | F90: =IF(OR($A90="",F$82=""),"",COUNTIFS(ANALYSIS!$M$31:$M$130,$A90,ANALYSIS!$N$31:$N$130,F$82)) | G90: =IF(OR($A90="",G$82=""),"",COUNTIFS(ANALYSIS!$M$31:$M$130,$A90,ANALYSIS!$N$31:$N$130,G$82)) | H90: =IF(OR($A90="",H$82=""),"",COUNTIFS(ANALYSIS!$M$31:$M$130,$A90,ANALYSIS!$N$31:$N$130,H$82)) | I90: =IF(OR($A90="",I$82=""),"",COUNTIFS(ANALYSIS!$M$31:$M$130,$A90,ANALYSIS!$N$31:$N$130,I$82)) | ... O90: =IF(OR($A90="",O$82=""),"",COUNTIFS(ANALYSIS!$M$31:$M$130,$A90,ANALYSIS!$N$31:$N$130,O$82)) | P90: =IF($A90="","",SUM(B90:O90))
A91: =IF(A90="","",IF(A90+$B$6>FLOOR(MAX(ANALYSIS!$E$31:$E$130),$B$6),"",A90+$B$6)) | B91: =IF(OR($A91="",B$82=""),"",COUNTIFS(ANALYSIS!$M$31:$M$130,$A91,ANALYSIS!$N$31:$N$130,B$82)) | C91: =IF(OR($A91="",C$82=""),"",COUNTIFS(ANALYSIS!$M$31:$M$130,$A91,ANALYSIS!$N$31:$N$130,C$82)) | D91: =IF(OR($A91="",D$82=""),"",COUNTIFS(ANALYSIS!$M$31:$M$130,$A91,ANALYSIS!$N$31:$N$130,D$82)) | E91: =IF(OR($A91="",E$82=""),"",COUNTIFS(ANALYSIS!$M$31:$M$130,$A91,ANALYSIS!$N$31:$N$130,E$82)) | F91: =IF(OR($A91="",F$82=""),"",COUNTIFS(ANALYSIS!$M$31:$M$130,$A91,ANALYSIS!$N$31:$N$130,F$82)) | G91: =IF(OR($A91="",G$82=""),"",COUNTIFS(ANALYSIS!$M$31:$M$130,$A91,ANALYSIS!$N$31:$N$130,G$82)) | H91: =IF(OR($A91="",H$82=""),"",COUNTIFS(ANALYSIS!$M$31:$M$130,$A91,ANALYSIS!$N$31:$N$130,H$82)) | I91: =IF(OR($A91="",I$82=""),"",COUNTIFS(ANALYSIS!$M$31:$M$130,$A91,ANALYSIS!$N$31:$N$130,I$82)) | ... O91: =IF(OR($A91="",O$82=""),"",COUNTIFS(ANALYSIS!$M$31:$M$130,$A91,ANALYSIS!$N$31:$N$130,O$82)) | P91: =IF($A91="","",SUM(B91:O91))
A92: =IF(A91="","",IF(A91+$B$6>FLOOR(MAX(ANALYSIS!$E$31:$E$130),$B$6),"",A91+$B$6)) | B92: =IF(OR($A92="",B$82=""),"",COUNTIFS(ANALYSIS!$M$31:$M$130,$A92,ANALYSIS!$N$31:$N$130,B$82)) | C92: =IF(OR($A92="",C$82=""),"",COUNTIFS(ANALYSIS!$M$31:$M$130,$A92,ANALYSIS!$N$31:$N$130,C$82)) | D92: =IF(OR($A92="",D$82=""),"",COUNTIFS(ANALYSIS!$M$31:$M$130,$A92,ANALYSIS!$N$31:$N$130,D$82)) | E92: =IF(OR($A92="",E$82=""),"",COUNTIFS(ANALYSIS!$M$31:$M$130,$A92,ANALYSIS!$N$31:$N$130,E$82)) | F92: =IF(OR($A92="",F$82=""),"",COUNTIFS(ANALYSIS!$M$31:$M$130,$A92,ANALYSIS!$N$31:$N$130,F$82)) | G92: =IF(OR($A92="",G$82=""),"",COUNTIFS(ANALYSIS!$M$31:$M$130,$A92,ANALYSIS!$N$31:$N$130,G$82)) | H92: =IF(OR($A92="",H$82=""),"",COUNTIFS(ANALYSIS!$M$31:$M$130,$A92,ANALYSIS!$N$31:$N$130,H$82)) | I92: =IF(OR($A92="",I$82=""),"",COUNTIFS(ANALYSIS!$M$31:$M$130,$A92,ANALYSIS!$N$31:$N$130,I$82)) | ... O92: =IF(OR($A92="",O$82=""),"",COUNTIFS(ANALYSIS!$M$31:$M$130,$A92,ANALYSIS!$N$31:$N$130,O$82)) | P92: =IF($A92="","",SUM(B92:O92))
A93: Total | B93: =IF(B$82="","",SUM(B83:B92)) -> 3 | C93: =IF(C$82="","",SUM(C83:C92)) -> 11 | D93: =IF(D$82="","",SUM(D83:D92)) -> 9 | E93: =IF(E$82="","",SUM(E83:E92)) -> 8 | F93: =IF(F$82="","",SUM(F83:F92)) -> 18 | G93: =IF(G$82="","",SUM(G83:G92)) -> 16 | H93: =IF(H$82="","",SUM(H83:H92)) -> 12 | I93: =IF(I$82="","",SUM(I83:I92)) -> 4 | ... O93: =IF(O$82="","",SUM(O83:O92)) | P93: =SUM(P83:P92) -> 100

Sheet ANALYSIS
A1: Wooden Arrow Shaft Analysis — Batches 19 & 20
A2: ="100 shafts, spined on two sides (A & B) and weighed. Spec spine "&$B$5&"–"&$B$6&" lb." -> 100 shafts, spined on two sides (A & B) and weighed. Spec spine 54–60 lb.
A4: Assumptions / Inputs | F4: Grouping Tolerances
A5: Spec spine min (lb) | B5: 54 | F5: Max spine spread within group (lb) | G5: 3
A6: Spec spine max (lb) | B6: 60 | F6: Max weight spread within group (g) | G6: 0.5
A7: Max acceptable A–B spread (lb) | B7: 1 | F7: Min shafts to call it a usable group | G7: 3
A10: QC Summary vs. Advertised Spine (55–60 lb) | N10: Avg Spine Distribution (1 lb bins)
A11: Spine metric | B11: Batch 19 | C11: Batch 20 | D11: Combined | F11: Weight metric | G11: Batch 19 | H11: Batch 20 | I11: Combined | N11: Bin (lb) | O11: Batch 19 | P11: Batch 20 | Q11: In spec?
A12: Shafts counted | B12: =COUNT($E$31:$E$80) -> 50 | C12: =COUNT($E$81:$E$130) -> 50 | D12: =COUNT($E$31:$E$130) -> 100 | F12: Min weight (g) | G12: =MIN($G$31:$G$80) -> 21.18 | H12: =MIN($G$81:$G$130) -> 21.46 | I12: =MIN($G$31:$G$130) -> 21.18 | N12: 50 | O12: =COUNTIFS($E$31:$E$80,">="&$N12,$E$31:$E$80,"<"&$N12+1) -> 1 | P12: =COUNTIFS($E$81:$E$130,">="&$N12,$E$81:$E$130,"<"&$N12+1) -> 0 | Q12: =IF(AND($N12>=$B$5,$N12<=$B$6),"In spec","Out") -> Out
A13: Min avg spine (lb) | B13: =MIN($E$31:$E$80) -> 50 | C13: =MIN($E$81:$E$130) -> 51 | D13: =MIN($E$31:$E$130) -> 50 | F13: Max weight (g) | G13: =MAX($G$31:$G$80) -> 26.76 | H13: =MAX($G$81:$G$130) -> 26.09 | I13: =MAX($G$31:$G$130) -> 26.76 | N13: =N12+1 -> 51 | O13: =COUNTIFS($E$31:$E$80,">="&$N13,$E$31:$E$80,"<"&$N13+1) -> 1 | P13: =COUNTIFS($E$81:$E$130,">="&$N13,$E$81:$E$130,"<"&$N13+1) -> 2 | Q13: =IF(AND($N13>=$B$5,$N13<=$B$6),"In spec","Out") -> Out
A14: Max avg spine (lb) | B14: =MAX($E$31:$E$80) -> 59 | C14: =MAX($E$81:$E$130) -> 58.5 | D14: =MAX($E$31:$E$130) -> 59 | F14: Mean weight (g) | G14: =AVERAGE($G$31:$G$80) -> 23.6484 | H14: =AVERAGE($G$81:$G$130) -> 23.585 | I14: =AVERAGE($G$31:$G$130) -> 23.6167 | N14: =N13+1 -> 52 | O14: =COUNTIFS($E$31:$E$80,">="&$N14,$E$31:$E$80,"<"&$N14+1) -> 6 | P14: =COUNTIFS($E$81:$E$130,">="&$N14,$E$81:$E$130,"<"&$N14+1) -> 3 | Q14: =IF(AND($N14>=$B$5,$N14<=$B$6),"In spec","Out") -> Out
A15: Mean avg spine (lb) | B15: =AVERAGE($E$31:$E$80) -> 55.2 | C15: =AVERAGE($E$81:$E$130) -> 55.24 | D15: =AVERAGE($E$31:$E$130) -> 55.22 | F15: Median weight (g) | G15: =MEDIAN($G$31:$G$80) -> 23.45 | H15: =MEDIAN($G$81:$G$130) -> 23.75 | I15: =MEDIAN($G$31:$G$130) -> 23.6 | N15: =N14+1 -> 53 | O15: =COUNTIFS($E$31:$E$80,">="&$N15,$E$31:$E$80,"<"&$N15+1) -> 5 | P15: =COUNTIFS($E$81:$E$130,">="&$N15,$E$81:$E$130,"<"&$N15+1) -> 7 | Q15: =IF(AND($N15>=$B$5,$N15<=$B$6),"In spec","Out") -> Out
A16: Median avg spine (lb) | B16: =MEDIAN($E$31:$E$80) -> 55.5 | C16: =MEDIAN($E$81:$E$130) -> 55 | D16: =MEDIAN($E$31:$E$130) -> 55.25 | F16: Std dev weight (g) | G16: =STDEV($G$31:$G$80) -> 1.4139861 | H16: =STDEV($G$81:$G$130) -> 1.170324 | I16: =STDEV($G$31:$G$130) -> 1.2917071 | N16: =N15+1 -> 54 | O16: =COUNTIFS($E$31:$E$80,">="&$N16,$E$31:$E$80,"<"&$N16+1) -> 3 | P16: =COUNTIFS($E$81:$E$130,">="&$N16,$E$81:$E$130,"<"&$N16+1) -> 1 | Q16: =IF(AND($N16>=$B$5,$N16<=$B$6),"In spec","Out") -> In spec
A17: Std dev of avg spine (lb) | B17: =STDEV($E$31:$E$80) -> 2.236068 | C17: =STDEV($E$81:$E$130) -> 1.8578021 | D17: =STDEV($E$31:$E$130) -> 2.0453446 | F17: Range max−min (g) | G17: =G13-G12 -> 5.58 | H17: =H13-H12 -> 4.63 | I17: =I13-I12 -> 5.58 | N17: =N16+1 -> 55 | O17: =COUNTIFS($E$31:$E$80,">="&$N17,$E$31:$E$80,"<"&$N17+1) -> 13 | P17: =COUNTIFS($E$81:$E$130,">="&$N17,$E$81:$E$130,"<"&$N17+1) -> 17 | Q17: =IF(AND($N17>=$B$5,$N17<=$B$6),"In spec","Out") -> In spec
A18: Mean A–B spread (lb) | B18: =AVERAGE($F$31:$F$80) -> 0.18 | C18: =AVERAGE($F$81:$F$130) -> 0.28 | D18: =AVERAGE($F$31:$F$130) -> 0.23 | N18: =N17+1 -> 56 | O18: =COUNTIFS($E$31:$E$80,">="&$N18,$E$31:$E$80,"<"&$N18+1) -> 9 | P18: =COUNTIFS($E$81:$E$130,">="&$N18,$E$81:$E$130,"<"&$N18+1) -> 9 | Q18: =IF(AND($N18>=$B$5,$N18<=$B$6),"In spec","Out") -> In spec
A19: Max A–B spread (lb) | B19: =MAX($F$31:$F$80) -> 1 | C19: =MAX($F$81:$F$130) -> 2 | D19: =MAX($F$31:$F$130) -> 2 | N19: =N18+1 -> 57 | O19: =COUNTIFS($E$31:$E$80,">="&$N19,$E$31:$E$80,"<"&$N19+1) -> 4 | P19: =COUNTIFS($E$81:$E$130,">="&$N19,$E$81:$E$130,"<"&$N19+1) -> 4 | Q19: =IF(AND($N19>=$B$5,$N19<=$B$6),"In spec","Out") -> In spec
A20: Shafts with A–B spread > tolerance | B20: =COUNTIF($F$31:$F$80,">"&$B$7) -> 0 | C20: =COUNTIF($F$81:$F$130,">"&$B$7) -> 1 | D20: =COUNTIF($F$31:$F$130,">"&$B$7) -> 1 | N20: =N19+1 -> 58 | O20: =COUNTIFS($E$31:$E$80,">="&$N20,$E$31:$E$80,"<"&$N20+1) -> 5 | P20: =COUNTIFS($E$81:$E$130,">="&$N20,$E$81:$E$130,"<"&$N20+1) -> 7 | Q20: =IF(AND($N20>=$B$5,$N20<=$B$6),"In spec","Out") -> In spec
A21: ="Shafts in spec ("&$B$5&"–"&$B$6&" lb)" -> Shafts in spec (54–60 lb) | B21: =COUNTIFS($E$31:$E$80,">="&$B$5,$E$31:$E$80,"<="&$B$6) -> 37 | C21: =COUNTIFS($E$81:$E$130,">="&$B$5,$E$81:$E$130,"<="&$B$6) -> 38 | D21: =COUNTIFS($E$31:$E$130,">="&$B$5,$E$31:$E$130,"<="&$B$6) -> 75 | N21: =N20+1 -> 59 | O21: =COUNTIFS($E$31:$E$80,">="&$N21,$E$31:$E$80,"<"&$N21+1) -> 3 | P21: =COUNTIFS($E$81:$E$130,">="&$N21,$E$81:$E$130,"<"&$N21+1) -> 0 | Q21: =IF(AND($N21>=$B$5,$N21<=$B$6),"In spec","Out") -> In spec
A22: % in spec | B22: =B21/B12 -> 0.74 | C22: =C21/C12 -> 0.76 | D22: =D21/D12 -> 0.75
A23: ="Shafts under "&$B$5&" lb" -> Shafts under 54 lb | B23: =COUNTIF($E$31:$E$80,"<"&$B$5) -> 13 | C23: =COUNTIF($E$81:$E$130,"<"&$B$5) -> 12 | D23: =COUNTIF($E$31:$E$130,"<"&$B$5) -> 25
A24: ="Shafts over "&$B$6&" lb" -> Shafts over 60 lb | B24: =COUNTIF($E$31:$E$80,">"&$B$6) -> 0 | C24: =COUNTIF($E$81:$E$130,">"&$B$6) -> 0 | D24: =COUNTIF($E$31:$E$130,">"&$B$6) -> 0
A29: Combined Shaft Data (all 100 shafts, linked to source tabs) | Y29: Scatter source (spine vs. weight)
A30: Batch | B30: Shaft# | C30: Spine A (lb) | D30: Spine B (lb) | E30: Avg spine (lb) | F30: A–B spread (lb) | G30: Weight (g) | H30: ="In spec? ("&$B$5&"–"&$B$6&")" -> In spec? (54–60) | I30: Consistent A/B? | J30: Sort key | K30: Rank | L30: Group ID | M30: Spine band (lb) | N30: Weight band (g) | O30: Group key | P30: Group size | Y30: Avg spine (lb) | Z30: Weight B19 (g) | AA30: Weight B20 (g)
A31: Batch 19 | B31: =BATCH19!A3 -> 19-01 | C31: =BATCH19!B3 -> 56 | D31: =BATCH19!C3 -> 55 | E31: =AVERAGE(C31:D31) -> 55.5 | F31: =ABS(C31-D31) -> 1 | G31: =BATCH19!D3 -> 23.23 | H31: =IF(AND(E31>=$B$5,E31<=$B$6),"In",IF(E31<$B$5,"Under","Over")) -> In | I31: =IF(F31<=$B$7,"Yes","No") -> Yes | J31: =E31+G31/1000 -> 55.52323 | K31: =RANK(J31,$J$31:$J$130,1)+COUNTIF($J$31:J31,J31)-1 -> 54 | L31: =IFERROR(MATCH(O31,GROUPS!$B$15:$B$50,0),"") -> 2 | M31: =FLOOR(E31,$G$5) -> 54 | N31: =FLOOR(G31,$G$6) -> 23 | O31: =TEXT(M31,"0.0")&" lb / "&TEXT(N31,"0.0")&" g" -> 54.0 lb / 23.0 g | P31: =COUNTIF($O$31:$O$130,O31) -> 9 | Y31: =E31 -> 55.5 | Z31: =IF($A31="Batch 19",$G31,NA()) -> 23.23 | AA31: =IF($A31="Batch 20",$G31,NA()) -> #N/A
A32: Batch 19 | B32: =BATCH19!A4 -> 19-02 | C32: =BATCH19!B4 -> 58 | D32: =BATCH19!C4 -> 58 | E32: =AVERAGE(C32:D32) -> 58 | F32: =ABS(C32-D32) -> 0 | G32: =BATCH19!D4 -> 24.7 | H32: =IF(AND(E32>=$B$5,E32<=$B$6),"In",IF(E32<$B$5,"Under","Over")) -> In | I32: =IF(F32<=$B$7,"Yes","No") -> Yes | J32: =E32+G32/1000 -> 58.0247 | K32: =RANK(J32,$J$31:$J$130,1)+COUNTIF($J$31:J32,J32)-1 -> 91 | L32: =IFERROR(MATCH(O32,GROUPS!$B$15:$B$50,0),"") -> 21 | M32: =FLOOR(E32,$G$5) -> 57 | N32: =FLOOR(G32,$G$6) -> 24.5 | O32: =TEXT(M32,"0.0")&" lb / "&TEXT(N32,"0.0")&" g" -> 57.0 lb / 24.5 g | P32: =COUNTIF($O$31:$O$130,O32) -> 2 | Y32: =E32 -> 58 | Z32: =IF($A32="Batch 19",$G32,NA()) -> 24.7 | AA32: =IF($A32="Batch 20",$G32,NA()) -> #N/A
A33: Batch 19 | B33: =BATCH19!A5 -> 19-03 | C33: =BATCH19!B5 -> 52 | D33: =BATCH19!C5 -> 52 | E33: =AVERAGE(C33:D33) -> 52 | F33: =ABS(C33-D33) -> 0 | G33: =BATCH19!D5 -> 22.19 | H33: =IF(AND(E33>=$B$5,E33<=$B$6),"In",IF(E33<$B$5,"Under","Over")) -> Under | I33: =IF(F33<=$B$7,"Yes","No") -> Yes | J33: =E33+G33/1000 -> 52.02219 | K33: =RANK(J33,$J$31:$J$130,1)+COUNTIF($J$31:J33,J33)-1 -> 7 | L33: =IFERROR(MATCH(O33,GROUPS!$B$15:$B$50,0),"") -> 10 | M33: =FLOOR(E33,$G$5) -> 51 | N33: =FLOOR(G33,$G$6) -> 22 | O33: =TEXT(M33,"0.0")&" lb / "&TEXT(N33,"0.0")&" g" -> 51.0 lb / 22.0 g | P33: =COUNTIF($O$31:$O$130,O33) -> 4 | Y33: =E33 -> 52 | Z33: =IF($A33="Batch 19",$G33,NA()) -> 22.19 | AA33: =IF($A33="Batch 20",$G33,NA()) -> #N/A
A34: Batch 19 | B34: =BATCH19!A6 -> 19-04 | C34: =BATCH19!B6 -> 55 | D34: =BATCH19!C6 -> 55 | E34: =AVERAGE(C34:D34) -> 55 | F34: =ABS(C34-D34) -> 0 | G34: =BATCH19!D6 -> 24.03 | H34: =IF(AND(E34>=$B$5,E34<=$B$6),"In",IF(E34<$B$5,"Under","Over")) -> In | I34: =IF(F34<=$B$7,"Yes","No") -> Yes | J34: =E34+G34/1000 -> 55.02403 | K34: =RANK(J34,$J$31:$J$130,1)+COUNTIF($J$31:J34,J34)-1 -> 44 | L34: =IFERROR(MATCH(O34,GROUPS!$B$15:$B$50,0),"") -> 7 | M34: =FLOOR(E34,$G$5) -> 54 | N34: =FLOOR(G34,$G$6) -> 24 | O34: =TEXT(M34,"0.0")&" lb / "&TEXT(N34,"0.0")&" g" -> 54.0 lb / 24.0 g | P34: =COUNTIF($O$31:$O$130,O34) -> 5 | Y34: =E34 -> 55 | Z34: =IF($A34="Batch 19",$G34,NA()) -> 24.03 | AA34: =IF($A34="Batch 20",$G34,NA()) -> #N/A
A35: Batch 19 | B35: =BATCH19!A7 -> 19-05 | C35: =BATCH19!B7 -> 56 | D35: =BATCH19!C7 -> 56 | E35: =AVERAGE(C35:D35) -> 56 | F35: =ABS(C35-D35) -> 0 | G35: =BATCH19!D7 -> 21.93 | H35: =IF(AND(E35>=$B$5,E35<=$B$6),"In",IF(E35<$B$5,"Under","Over")) -> In | I35: =IF(F35<=$B$7,"Yes","No") -> Yes | J35: =E35+G35/1000 -> 56.02193 | K35: =RANK(J35,$J$31:$J$130,1)+COUNTIF($J$31:J35,J35)-1 -> 60 | L35: =IFERROR(MATCH(O35,GROUPS!$B$15:$B$50,0),"") -> 11 | M35: =FLOOR(E35,$G$5) -> 54 | N35: =FLOOR(G35,$G$6) -> 21.5 | O35: =TEXT(M35,"0.0")&" lb / "&TEXT(N35,"0.0")&" g" -> 54.0 lb / 21.5 g | P35: =COUNTIF($O$31:$O$130,O35) -> 4 | Y35: =E35 -> 56 | Z35: =IF($A35="Batch 19",$G35,NA()) -> 21.93 | AA35: =IF($A35="Batch 20",$G35,NA()) -> #N/A
A36: Batch 19 | B36: =BATCH19!A8 -> 19-06 | C36: =BATCH19!B8 -> 55 | D36: =BATCH19!C8 -> 55 | E36: =AVERAGE(C36:D36) -> 55 | F36: =ABS(C36-D36) -> 0 | G36: =BATCH19!D8 -> 23.85 | H36: =IF(AND(E36>=$B$5,E36<=$B$6),"In",IF(E36<$B$5,"Under","Over")) -> In | I36: =IF(F36<=$B$7,"Yes","No") -> Yes | J36: =E36+G36/1000 -> 55.02385 | K36: =RANK(J36,$J$31:$J$130,1)+COUNTIF($J$31:J36,J36)-1 -> 39 | L36: =IFERROR(MATCH(O36,GROUPS!$B$15:$B$50,0),"") -> 1 | M36: =FLOOR(E36,$G$5) -> 54 | N36: =FLOOR(G36,$G$6) -> 23.5 | O36: =TEXT(M36,"0.0")&" lb / "&TEXT(N36,"0.0")&" g" -> 54.0 lb / 23.5 g | P36: =COUNTIF($O$31:$O$130,O36) -> 10 | Y36: =E36 -> 55 | Z36: =IF($A36="Batch 19",$G36,NA()) -> 23.85 | AA36: =IF($A36="Batch 20",$G36,NA()) -> #N/A
A37: Batch 19 | B37: =BATCH19!A9 -> 19-07 | C37: =BATCH19!B9 -> 52 | D37: =BATCH19!C9 -> 52 | E37: =AVERAGE(C37:D37) -> 52 | F37: =ABS(C37-D37) -> 0 | G37: =BATCH19!D9 -> 21.59 | H37: =IF(AND(E37>=$B$5,E37<=$B$6),"In",IF(E37<$B$5,"Under","Over")) -> Under | I37: =IF(F37<=$B$7,"Yes","No") -> Yes | J37: =E37+G37/1000 -> 52.02159 | K37: =RANK(J37,$J$31:$J$130,1)+COUNTIF($J$31:J37,J37)-1 -> 5 | L37: =IFERROR(MATCH(O37,GROUPS!$B$15:$B$50,0),"") -> 3 | M37: =FLOOR(E37,$G$5) -> 51 | N37: =FLOOR(G37,$G$6) -> 21.5 | O37: =TEXT(M37,"0.0")&" lb / "&TEXT(N37,"0.0")&" g" -> 51.0 lb / 21.5 g | P37: =COUNTIF($O$31:$O$130,O37) -> 6 | Y37: =E37 -> 52 | Z37: =IF($A37="Batch 19",$G37,NA()) -> 21.59 | AA37: =IF($A37="Batch 20",$G37,NA()) -> #N/A
A38: Batch 19 | B38: =BATCH19!A10 -> 19-08 | C38: =BATCH19!B10 -> 53 | D38: =BATCH19!C10 -> 53 | E38: =AVERAGE(C38:D38) -> 53 | F38: =ABS(C38-D38) -> 0 | G38: =BATCH19!D10 -> 21.54 | H38: =IF(AND(E38>=$B$5,E38<=$B$6),"In",IF(E38<$B$5,"Under","Over")) -> Under | I38: =IF(F38<=$B$7,"Yes","No") -> Yes | J38: =E38+G38/1000 -> 53.02154 | K38: =RANK(J38,$J$31:$J$130,1)+COUNTIF($J$31:J38,J38)-1 -> 15 | L38: =IFERROR(MATCH(O38,GROUPS!$B$15:$B$50,0),"") -> 3 | M38: =FLOOR(E38,$G$5) -> 51 | N38: =FLOOR(G38,$G$6) -> 21.5 | O38: =TEXT(M38,"0.0")&" lb / "&TEXT(N38,"0.0")&" g" -> 51.0 lb / 21.5 g | P38: =COUNTIF($O$31:$O$130,O38) -> 6 | Y38: =E38 -> 53 | Z38: =IF($A38="Batch 19",$G38,NA()) -> 21.54 | AA38: =IF($A38="Batch 20",$G38,NA()) -> #N/A
A39: Batch 19 | B39: =BATCH19!A11 -> 19-09 | C39: =BATCH19!B11 -> 50 | D39: =BATCH19!C11 -> 50 | E39: =AVERAGE(C39:D39) -> 50 | F39: =ABS(C39-D39) -> 0 | G39: =BATCH19!D11 -> 22.67 | H39: =IF(AND(E39>=$B$5,E39<=$B$6),"In",IF(E39<$B$5,"Under","Over")) -> Under | I39: =IF(F39<=$B$7,"Yes","No") -> Yes | J39: =E39+G39/1000 -> 50.02267 | K39: =RANK(J39,$J$31:$J$130,1)+COUNTIF($J$31:J39,J39)-1 -> 1 | L39: =IFERROR(MATCH(O39,GROUPS!$B$15:$B$50,0),"") -> 23 | M39: =FLOOR(E39,$G$5) -> 48 | N39: =FLOOR(G39,$G$6) -> 22.5 | O39: =TEXT(M39,"0.0")&" lb / "&TEXT(N39,"0.0")&" g" -> 48.0 lb / 22.5 g | P39: =COUNTIF($O$31:$O$130,O39) -> 1 | Y39: =E39 -> 50 | Z39: =IF($A39="Batch 19",$G39,NA()) -> 22.67 | AA39: =IF($A39="Batch 20",$G39,NA()) -> #N/A
A40: Batch 19 | B40: =BATCH19!A12 -> 19-10 | C40: =BATCH19!B12 -> 56 | D40: =BATCH19!C12 -> 56 | E40: =AVERAGE(C40:D40) -> 56 | F40: =ABS(C40-D40) -> 0 | G40: =BATCH19!D12 -> 24.67 | H40: =IF(AND(E40>=$B$5,E40<=$B$6),"In",IF(E40<$B$5,"Under","Over")) -> In | I40: =IF(F40<=$B$7,"Yes","No") -> Yes | J40: =E40+G40/1000 -> 56.02467 | K40: =RANK(J40,$J$31:$J$130,1)+COUNTIF($J$31:J40,J40)-1 -> 71 | L40: =IFERROR(MATCH(O40,GROUPS!$B$15:$B$50,0),"") -> 20 | M40: =FLOOR(E40,$G$5) -> 54 | N40: =FLOOR(G40,$G$6) -> 24.5 | O40: =TEXT(M40,"0.0")&" lb / "&TEXT(N40,"0.0")&" g" -> 54.0 lb / 24.5 g | P40: =COUNTIF($O$31:$O$130,O40) -> 2 | Y40: =E40 -> 56 | Z40: =IF($A40="Batch 19",$G40,NA()) -> 24.67 | AA40: =IF($A40="Batch 20",$G40,NA()) -> #N/A
A41: Batch 19 | B41: =BATCH19!A13 -> 19-11 | C41: =BATCH19!B13 -> 52 | D41: =BATCH19!C13 -> 52 | E41: =AVERAGE(C41:D41) -> 52 | F41: =ABS(C41-D41) -> 0 | G41: =BATCH19!D13 -> 23.14 | H41: =IF(AND(E41>=$B$5,E41<=$B$6),"In",IF(E41<$B$5,"Under","Over")) -> Under | I41: =IF(F41<=$B$7,"Yes","No") -> Yes | J41: =E41+G41/1000 -> 52.02314 | K41: =RANK(J41,$J$31:$J$130,1)+COUNTIF($J$31:J41,J41)-1 -> 9 | L41: =IFERROR(MATCH(O41,GROUPS!$B$15:$B$50,0),"") -> 5 | M41: =FLOOR(E41,$G$5) -> 51 | N41: =FLOOR(G41,$G$6) -> 23 | O41: =TEXT(M41,"0.0")&" lb / "&TEXT(N41,"0.0")&" g" -> 51.0 lb / 23.0 g | P41: =COUNTIF($O$31:$O$130,O41) -> 5 | Y41: =E41 -> 52 | Z41: =IF($A41="Batch 19",$G41,NA()) -> 23.14 | AA41: =IF($A41="Batch 20",$G41,NA()) -> #N/A
A42: Batch 19 | B42: =BATCH19!A14 -> 19-12 | C42: =BATCH19!B14 -> 58 | D42: =BATCH19!C14 -> 57 | E42: =AVERAGE(C42:D42) -> 57.5 | F42: =ABS(C42-D42) -> 1 | G42: =BATCH19!D14 -> 24.3 | H42: =IF(AND(E42>=$B$5,E42<=$B$6),"In",IF(E42<$B$5,"Under","Over")) -> In | I42: =IF(F42<=$B$7,"Yes","No") -> Yes | J42: =E42+G42/1000 -> 57.5243 | K42: =RANK(J42,$J$31:$J$130,1)+COUNTIF($J$31:J42,J42)-1 -> 84 | L42: =IFERROR(MATCH(O42,GROUPS!$B$15:$B$50,0),"") -> 9 | M42: =FLOOR(E42,$G$5) -> 57 | N42: =FLOOR(G42,$G$6) -> 24 | O42: =TEXT(M42,"0.0")&" lb / "&TEXT(N42,"0.0")&" g" -> 57.0 lb / 24.0 g | P42: =COUNTIF($O$31:$O$130,O42) -> 5 | Y42: =E42 -> 57.5 | Z42: =IF($A42="Batch 19",$G42,NA()) -> 24.3 | AA42: =IF($A42="Batch 20",$G42,NA()) -> #N/A
... A80: Batch 19 | B80: =BATCH19!A52 -> 19-50 | C80: =BATCH19!B52 -> 56 | D80: =BATCH19!C52 -> 56 | E80: =AVERAGE(C80:D80) -> 56 | F80: =ABS(C80-D80) -> 0 | G80: =BATCH19!D52 -> 25.15 | H80: =IF(AND(E80>=$B$5,E80<=$B$6),"In",IF(E80<$B$5,"Under","Over")) -> In | I80: =IF(F80<=$B$7,"Yes","No") -> Yes | J80: =E80+G80/1000 -> 56.02515 | K80: =RANK(J80,$J$31:$J$130,1)+COUNTIF($J$31:J80,J80)-1 -> 73 | L80: =IFERROR(MATCH(O80,GROUPS!$B$15:$B$50,0),"") -> 4 | M80: =FLOOR(E80,$G$5) -> 54 | N80: =FLOOR(G80,$G$6) -> 25 | O80: =TEXT(M80,"0.0")&" lb / "&TEXT(N80,"0.0")&" g" -> 54.0 lb / 25.0 g | P80: =COUNTIF($O$31:$O$130,O80) -> 6 | Y80: =E80 -> 56 | Z80: =IF($A80="Batch 19",$G80,NA()) -> 25.15 | AA80: =IF($A80="Batch 20",$G80,NA()) -> #N/A
A81: Batch 20 | B81: =BATCH20!A3 -> 20-01 | C81: =BATCH20!B3 -> 56 | D81: =BATCH20!C3 -> 55 | E81: =AVERAGE(C81:D81) -> 55.5 | F81: =ABS(C81-D81) -> 1 | G81: =BATCH20!D3 -> 22.76 | H81: =IF(AND(E81>=$B$5,E81<=$B$6),"In",IF(E81<$B$5,"Under","Over")) -> In | I81: =IF(F81<=$B$7,"Yes","No") -> Yes | J81: =E81+G81/1000 -> 55.52276 | K81: =RANK(J81,$J$31:$J$130,1)+COUNTIF($J$31:J81,J81)-1 -> 53 | L81: =IFERROR(MATCH(O81,GROUPS!$B$15:$B$50,0),"") -> 12 | M81: =FLOOR(E81,$G$5) -> 54 | N81: =FLOOR(G81,$G$6) -> 22.5 | O81: =TEXT(M81,"0.0")&" lb / "&TEXT(N81,"0.0")&" g" -> 54.0 lb / 22.5 g | P81: =COUNTIF($O$31:$O$130,O81) -> 4 | Y81: =E81 -> 55.5 | Z81: =IF($A81="Batch 19",$G81,NA()) -> #N/A | AA81: =IF($A81="Batch 20",$G81,NA()) -> 22.76
A82: Batch 20 | B82: =BATCH20!A4 -> 20-02 | C82: =BATCH20!B4 -> 53 | D82: =BATCH20!C4 -> 53 | E82: =AVERAGE(C82:D82) -> 53 | F82: =ABS(C82-D82) -> 0 | G82: =BATCH20!D4 -> 23.03 | H82: =IF(AND(E82>=$B$5,E82<=$B$6),"In",IF(E82<$B$5,"Under","Over")) -> Under | I82: =IF(F82<=$B$7,"Yes","No") -> Yes | J82: =E82+G82/1000 -> 53.02303 | K82: =RANK(J82,$J$31:$J$130,1)+COUNTIF($J$31:J82,J82)-1 -> 20 | L82: =IFERROR(MATCH(O82,GROUPS!$B$15:$B$50,0),"") -> 5 | M82: =FLOOR(E82,$G$5) -> 51 | N82: =FLOOR(G82,$G$6) -> 23 | O82: =TEXT(M82,"0.0")&" lb / "&TEXT(N82,"0.0")&" g" -> 51.0 lb / 23.0 g | P82: =COUNTIF($O$31:$O$130,O82) -> 5 | Y82: =E82 -> 53 | Z82: =IF($A82="Batch 19",$G82,NA()) -> #N/A | AA82: =IF($A82="Batch 20",$G82,NA()) -> 23.03
A83: Batch 20 | B83: =BATCH20!A5 -> 20-03 | C83: =BATCH20!B5 -> 55 | D83: =BATCH20!C5 -> 55 | E83: =AVERAGE(C83:D83) -> 55 | F83: =ABS(C83-D83) -> 0 | G83: =BATCH20!D5 -> 23.97 | H83: =IF(AND(E83>=$B$5,E83<=$B$6),"In",IF(E83<$B$5,"Under","Over")) -> In | I83: =IF(F83<=$B$7,"Yes","No") -> Yes | J83: =E83+G83/1000 -> 55.02397 | K83: =RANK(J83,$J$31:$J$130,1)+COUNTIF($J$31:J83,J83)-1 -> 43 | L83: =IFERROR(MATCH(O83,GROUPS!$B$15:$B$50,0),"") -> 1 | M83: =FLOOR(E83,$G$5) -> 54 | N83: =FLOOR(G83,$G$6) -> 23.5 | O83: =TEXT(M83,"0.0")&" lb / "&TEXT(N83,"0.0")&" g" -> 54.0 lb / 23.5 g | P83: =COUNTIF($O$31:$O$130,O83) -> 10 | Y83: =E83 -> 55 | Z83: =IF($A83="Batch 19",$G83,NA()) -> #N/A | AA83: =IF($A83="Batch 20",$G83,NA()) -> 23.97
A84: Batch 20 | B84: =BATCH20!A6 -> 20-04 | C84: =BATCH20!B6 -> 58 | D84: =BATCH20!C6 -> 58 | E84: =AVERAGE(C84:D84) -> 58 | F84: =ABS(C84-D84) -> 0 | G84: =BATCH20!D6 -> 23.56 | H84: =IF(AND(E84>=$B$5,E84<=$B$6),"In",IF(E84<$B$5,"Under","Over")) -> In | I84: =IF(F84<=$B$7,"Yes","No") -> Yes | J84: =E84+G84/1000 -> 58.02356 | K84: =RANK(J84,$J$31:$J$130,1)+COUNTIF($J$31:J84,J84)-1 -> 89 | L84: =IFERROR(MATCH(O84,GROUPS!$B$15:$B$50,0),"") -> 14 | M84: =FLOOR(E84,$G$5) -> 57 | N84: =FLOOR(G84,$G$6) -> 23.5 | O84: =TEXT(M84,"0.0")&" lb / "&TEXT(N84,"0.0")&" g" -> 57.0 lb / 23.5 g | P84: =COUNTIF($O$31:$O$130,O84) -> 4 | Y84: =E84 -> 58 | Z84: =IF($A84="Batch 19",$G84,NA()) -> #N/A | AA84: =IF($A84="Batch 20",$G84,NA()) -> 23.56
A85: Batch 20 | B85: =BATCH20!A7 -> 20-05 | C85: =BATCH20!B7 -> 56 | D85: =BATCH20!C7 -> 56 | E85: =AVERAGE(C85:D85) -> 56 | F85: =ABS(C85-D85) -> 0 | G85: =BATCH20!D7 -> 22.26 | H85: =IF(AND(E85>=$B$5,E85<=$B$6),"In",IF(E85<$B$5,"Under","Over")) -> In | I85: =IF(F85<=$B$7,"Yes","No") -> Yes | J85: =E85+G85/1000 -> 56.02226 | K85: =RANK(J85,$J$31:$J$130,1)+COUNTIF($J$31:J85,J85)-1 -> 62 | L85: =IFERROR(MATCH(O85,GROUPS!$B$15:$B$50,0),"") -> 6 | M85: =FLOOR(E85,$G$5) -> 54 | N85: =FLOOR(G85,$G$6) -> 22 | O85: =TEXT(M85,"0.0")&" lb / "&TEXT(N85,"0.0")&" g" -> 54.0 lb / 22.0 g | P85: =COUNTIF($O$31:$O$130,O85) -> 5 | Y85: =E85 -> 56 | Z85: =IF($A85="Batch 19",$G85,NA()) -> #N/A | AA85: =IF($A85="Batch 20",$G85,NA()) -> 22.26
A86: Batch 20 | B86: =BATCH20!A8 -> 20-06 | C86: =BATCH20!B8 -> 56 | D86: =BATCH20!C8 -> 56 | E86: =AVERAGE(C86:D86) -> 56 | F86: =ABS(C86-D86) -> 0 | G86: =BATCH20!D8 -> 22.35 | H86: =IF(AND(E86>=$B$5,E86<=$B$6),"In",IF(E86<$B$5,"Under","Over")) -> In | I86: =IF(F86<=$B$7,"Yes","No") -> Yes | J86: =E86+G86/1000 -> 56.02235 | K86: =RANK(J86,$J$31:$J$130,1)+COUNTIF($J$31:J86,J86)-1 -> 64 | L86: =IFERROR(MATCH(O86,GROUPS!$B$15:$B$50,0),"") -> 6 | M86: =FLOOR(E86,$G$5) -> 54 | N86: =FLOOR(G86,$G$6) -> 22 | O86: =TEXT(M86,"0.0")&" lb / "&TEXT(N86,"0.0")&" g" -> 54.0 lb / 22.0 g | P86: =COUNTIF($O$31:$O$130,O86) -> 5 | Y86: =E86 -> 56 | Z86: =IF($A86="Batch 19",$G86,NA()) -> #N/A | AA86: =IF($A86="Batch 20",$G86,NA()) -> 22.35
A87: Batch 20 | B87: =BATCH20!A9 -> 20-07 | C87: =BATCH20!B9 -> 56 | D87: =BATCH20!C9 -> 56 | E87: =AVERAGE(C87:D87) -> 56 | F87: =ABS(C87-D87) -> 0 | G87: =BATCH20!D9 -> 23.35 | H87: =IF(AND(E87>=$B$5,E87<=$B$6),"In",IF(E87<$B$5,"Under","Over")) -> In | I87: =IF(F87<=$B$7,"Yes","No") -> Yes | J87: =E87+G87/1000 -> 56.02335 | K87: =RANK(J87,$J$31:$J$130,1)+COUNTIF($J$31:J87,J87)-1 -> 66 | L87: =IFERROR(MATCH(O87,GROUPS!$B$15:$B$50,0),"") -> 2 | M87: =FLOOR(E87,$G$5) -> 54 | N87: =FLOOR(G87,$G$6) -> 23 | O87: =TEXT(M87,"0.0")&" lb / "&TEXT(N87,"0.0")&" g" -> 54.0 lb / 23.0 g | P87: =COUNTIF($O$31:$O$130,O87) -> 9 | Y87: =E87 -> 56 | Z87: =IF($A87="Batch 19",$G87,NA()) -> #N/A | AA87: =IF($A87="Batch 20",$G87,NA()) -> 23.35
A88: Batch 20 | B88: =BATCH20!A10 -> 20-08 | C88: =BATCH20!B10 -> 57 | D88: =BATCH20!C10 -> 57 | E88: =AVERAGE(C88:D88) -> 57 | F88: =ABS(C88-D88) -> 0 | G88: =BATCH20!D10 -> 23.73 | H88: =IF(AND(E88>=$B$5,E88<=$B$6),"In",IF(E88<$B$5,"Under","Over")) -> In | I88: =IF(F88<=$B$7,"Yes","No") -> Yes | J88: =E88+G88/1000 -> 57.02373 | K88: =RANK(J88,$J$31:$J$130,1)+COUNTIF($J$31:J88,J88)-1 -> 81 | L88: =IFERROR(MATCH(O88,GROUPS!$B$15:$B$50,0),"") -> 14 | M88: =FLOOR(E88,$G$5) -> 57 | N88: =FLOOR(G88,$G$6) -> 23.5 | O88: =TEXT(M88,"0.0")&" lb / "&TEXT(N88,"0.0")&" g" -> 57.0 lb / 23.5 g | P88: =COUNTIF($O$31:$O$130,O88) -> 4 | Y88: =E88 -> 57 | Z88: =IF($A88="Batch 19",$G88,NA()) -> #N/A | AA88: =IF($A88="Batch 20",$G88,NA()) -> 23.73
A89: Batch 20 | B89: =BATCH20!A11 -> 20-09 | C89: =BATCH20!B11 -> 56 | D89: =BATCH20!C11 -> 56 | E89: =AVERAGE(C89:D89) -> 56 | F89: =ABS(C89-D89) -> 0 | G89: =BATCH20!D11 -> 25.21 | H89: =IF(AND(E89>=$B$5,E89<=$B$6),"In",IF(E89<$B$5,"Under","Over")) -> In | I89: =IF(F89<=$B$7,"Yes","No") -> Yes | J89: =E89+G89/1000 -> 56.02521 | K89: =RANK(J89,$J$31:$J$130,1)+COUNTIF($J$31:J89,J89)-1 -> 74 | L89: =IFERROR(MATCH(O89,GROUPS!$B$15:$B$50,0),"") -> 4 | M89: =FLOOR(E89,$G$5) -> 54 | N89: =FLOOR(G89,$G$6) -> 25 | O89: =TEXT(M89,"0.0")&" lb / "&TEXT(N89,"0.0")&" g" -> 54.0 lb / 25.0 g | P89: =COUNTIF($O$31:$O$130,O89) -> 6 | Y89: =E89 -> 56 | Z89: =IF($A89="Batch 19",$G89,NA()) -> #N/A | AA89: =IF($A89="Batch 20",$G89,NA()) -> 25.21
A90: Batch 20 | B90: =BATCH20!A12 -> 20-10 | C90: =BATCH20!B12 -> 56 | D90: =BATCH20!C12 -> 56 | E90: =AVERAGE(C90:D90) -> 56 | F90: =ABS(C90-D90) -> 0 | G90: =BATCH20!D12 -> 24.35 | H90: =IF(AND(E90>=$B$5,E90<=$B$6),"In",IF(E90<$B$5,"Under","Over")) -> In | I90: =IF(F90<=$B$7,"Yes","No") -> Yes | J90: =E90+G90/1000 -> 56.02435 | K90: =RANK(J90,$J$31:$J$130,1)+COUNTIF($J$31:J90,J90)-1 -> 69 | L90: =IFERROR(MATCH(O90,GROUPS!$B$15:$B$50,0),"") -> 7 | M90: =FLOOR(E90,$G$5) -> 54 | N90: =FLOOR(G90,$G$6) -> 24 | O90: =TEXT(M90,"0.0")&" lb / "&TEXT(N90,"0.0")&" g" -> 54.0 lb / 24.0 g | P90: =COUNTIF($O$31:$O$130,O90) -> 5 | Y90: =E90 -> 56 | Z90: =IF($A90="Batch 19",$G90,NA()) -> #N/A | AA90: =IF($A90="Batch 20",$G90,NA()) -> 24.35
A91: Batch 20 | B91: =BATCH20!A13 -> 20-11 | C91: =BATCH20!B13 -> 55 | D91: =BATCH20!C13 -> 55 | E91: =AVERAGE(C91:D91) -> 55 | F91: =ABS(C91-D91) -> 0 | G91: =BATCH20!D13 -> 24.56 | H91: =IF(AND(E91>=$B$5,E91<=$B$6),"In",IF(E91<$B$5,"Under","Over")) -> In | I91: =IF(F91<=$B$7,"Yes","No") -> Yes | J91: =E91+G91/1000 -> 55.02456 | K91: =RANK(J91,$J$31:$J$130,1)+COUNTIF($J$31:J91,J91)-1 -> 46 | L91: =IFERROR(MATCH(O91,GROUPS!$B$15:$B$50,0),"") -> 20 | M91: =FLOOR(E91,$G$5) -> 54 | N91: =FLOOR(G91,$G$6) -> 24.5 | O91: =TEXT(M91,"0.0")&" lb / "&TEXT(N91,"0.0")&" g" -> 54.0 lb / 24.5 g | P91: =COUNTIF($O$31:$O$130,O91) -> 2 | Y91: =E91 -> 55 | Z91: =IF($A91="Batch 19",$G91,NA()) -> #N/A | AA91: =IF($A91="Batch 20",$G91,NA()) -> 24.56
A92: Batch 20 | B92: =BATCH20!A14 -> 20-12 | C92: =BATCH20!B14 -> 55 | D92: =BATCH20!C14 -> 55 | E92: =AVERAGE(C92:D92) -> 55 | F92: =ABS(C92-D92) -> 0 | G92: =BATCH20!D14 -> 22.45 | H92: =IF(AND(E92>=$B$5,E92<=$B$6),"In",IF(E92<$B$5,"Under","Over")) -> In | I92: =IF(F92<=$B$7,"Yes","No") -> Yes | J92: =E92+G92/1000 -> 55.02245 | K92: =RANK(J92,$J$31:$J$130,1)+COUNTIF($J$31:J92,J92)-1 -> 31 | L92: =IFERROR(MATCH(O92,GROUPS!$B$15:$B$50,0),"") -> 6 | M92: =FLOOR(E92,$G$5) -> 54 | N92: =FLOOR(G92,$G$6) -> 22 | O92: =TEXT(M92,"0.0")&" lb / "&TEXT(N92,"0.0")&" g" -> 54.0 lb / 22.0 g | P92: =COUNTIF($O$31:$O$130,O92) -> 5 | Y92: =E92 -> 55 | Z92: =IF($A92="Batch 19",$G92,NA()) -> #N/A | AA92: =IF($A92="Batch 20",$G92,NA()) -> 22.45
... A130: Batch 20 | B130: =BATCH20!A52 -> 20-50 | C130: =BATCH20!B52 -> 58 | D130: =BATCH20!C52 -> 56 | E130: =AVERAGE(C130:D130) -> 57 | F130: =ABS(C130-D130) -> 2 | G130: =BATCH20!D52 -> 24.41 | H130: =IF(AND(E130>=$B$5,E130<=$B$6),"In",IF(E130<$B$5,"Under","Over")) -> In | I130: =IF(F130<=$B$7,"Yes","No") -> No | J130: =E130+G130/1000 -> 57.02441 | K130: =RANK(J130,$J$31:$J$130,1)+COUNTIF($J$31:J130,J130)-1 -> 82 | L130: =IFERROR(MATCH(O130,GROUPS!$B$15:$B$50,0),"") -> 9 | M130: =FLOOR(E130,$G$5) -> 57 | N130: =FLOOR(G130,$G$6) -> 24 | O130: =TEXT(M130,"0.0")&" lb / "&TEXT(N130,"0.0")&" g" -> 57.0 lb / 24.0 g | P130: =COUNTIF($O$31:$O$130,O130) -> 5 | Y130: =E130 -> 57 | Z130: =IF($A130="Batch 19",$G130,NA()) -> #N/A | AA130: =IF($A130="Batch 20",$G130,NA()) -> 24.41
